,Date,SP Daily Pct Return,Open,High,Low,Last,Change,Settle,Volume,Previous Day Open Interest,SP_MA,dly chg correlation,dly chg corr mean,Std daily chg correl,upper_correl,lower_correl,signal,Gold-Copp Dly Ret,Gold Price,Copper Price,GoldCopperRatio,MA,rolling_std,,,,,11.66%," 155,513 "," 173,647 ",,,
0,6/11/2010,0.51,1079.75,1088.25,1070.25,1085,,1085,2234724,1435415,-0.107636364,0.41464216,0.330665513,0.132413521,0.595492554,0.065838472,0,0.79,1230.2,2.904,0.002360592,-0.447454545,2.284016295,,,,,,,,,,
1,6/14/2010,0.12,1087.5,1101.75,1084.25,1086.25,,1086.25,2411842,1874813,-0.113636364,0.409110693,0.335481554,0.130307298,0.59609615,0.074866958,0,3.51,1224.5,2.992,0.002443446,-0.395454545,2.341302912,,,,,,B," 14,187 ",8,4,50%
2,6/15/2010,2.12,1085.75,1111.5,1084.25,1109.25,,1109.25,2694530,2199082,-0.075818182,0.402100673,0.339986859,0.128193846,0.596374551,0.083599167,0,-0.39,1234.4,3.0045,0.002433976,-0.395090909,2.341302164,,,,,,Sh," 3,947 ",8,6,75%
3,6/16/2010,0.02,1109.25,1114.75,1100,1109.5,,1109.5,2522048,2425040,-0.068909091,0.402705405,0.344287857,0.126206392,0.596700641,0.091875073,0,0.02,1230.5,2.9955,0.002434376,-0.455636364,2.285042153,,,,,,,,,,
4,6/17/2010,0.2,1110,1117.5,1100.75,1111.75,,1111.75,2715158,2508842,-0.078545455,0.388483906,0.348159705,0.124183646,0.596526997,0.099792412,0,-4.42,1248.7,2.9055,0.00232682,-0.564,2.329537865,,,,,,,,,,
5,6/18/2010,-0.13,1111.5,1116.75,1108.25,1110.25,,1110.25,1631682,2533026,-0.080909091,0.387742171,0.351762029,0.122359643,0.596481314,0.107042744,0,-1.5,1258.3,2.884,0.002291981,-0.571818182,2.331987779,,,,,,,,,,
6,6/21/2010,-0.36,1115,1124.5,1100,1106.25,,1106.25,732,4796,-0.102181818,0.371674308,0.355150071,0.120227242,0.595604554,0.114695587,0,3.46,1240.7,2.942,0.002371242,-0.505636364,2.394136946,,,,,,,,,,
7,6/22/2010,-1.81,1106.25,1112,1086.25,1086.25,,1086.25,1163,5381,-0.139272727,0.344433984,0.358136241,0.117816777,0.593769795,0.122502687,0,1.69,1240.8,2.992,0.002411348,-0.486545455,2.407590018,,,,,,,,,,
8,6/23/2010,-0.3,1087.75,1093.5,1076,1083,,1083,1450,5503,-0.134,0.344969742,0.361262936,0.115062271,0.591387478,0.131138394,0,-1.41,1234.8,2.9355,0.002377308,-0.501454545,2.410779356,,,,,,,,,,
9,6/24/2010,-1.55,1082.25,1086.5,1063,1066.25,,1066.25,1462,5962,-0.169454545,0.326273242,0.363681308,0.112842251,0.58936581,0.137996805,0,1.47,1245.9,3.0055,0.002412312,-0.438181818,2.416114949,,,,,,,,,,
10,6/25/2010,0.4,1066.5,1075,1059.75,1070.5,,1070.5,1490,6322,-0.176,0.329337237,0.366015342,0.110722007,0.587459355,0.144571329,0,2.15,1256.2,3.0955,0.002464178,-0.393636364,2.441164995,,,,,,,,,,
11,6/28/2010,-0.37,1071.75,1074,1062.75,1066.5,,1066.5,657,6321,-0.182727273,0.330188978,0.368772712,0.10781685,0.584406412,0.153139013,0,0.63,1238.6,3.0715,0.002479816,-0.369818182,2.444707428,,,,,,,,,,
12,6/29/2010,-3.33,1065.25,1068.75,1026.5,1031,,1031,5277,9995,-0.244,0.374709879,0.372365955,0.104553829,0.581473612,0.163258297,0,-5.28,1244.4,2.923,0.002348923,-0.452363636,2.53250788,,,,,,,,,,
13,6/30/2010,-0.87,1030,1039.25,1018.5,1022,,1022,2184,10591,-0.280545455,0.371342408,0.376396886,0.099981687,0.576360259,0.176433512,0,0.44,1247.9,2.944,0.002359163,-0.476727273,2.51703239,,,,,,,,,,
14,7/1/2010,-0.46,1020.25,1024.5,1001.75,1017.25,,1017.25,1986,10721,-0.292,0.370778651,0.378510381,0.098576737,0.575663855,0.181356908,0,0.71,1208.6,2.8715,0.002375889,-0.459090909,2.521972532,,,,,,,,,,
15,7/2/2010,-0.74,1017.75,1027.5,1006.5,1009.75,,1009.75,1198,10671,-0.277818182,0.365758056,0.380505737,0.097151685,0.574809108,0.186202367,0,1.26,1209.6,2.91,0.002405754,-0.43,2.532577373,,,,,,,,,,
16,7/6/2010,1.24,1009.5,1033.25,998.75,1019.5,,1019.5,2084,11121,-0.283090909,0.38109517,0.383070574,0.095217213,0.573505001,0.192636148,0,2.98,1197,2.9655,0.002477444,-0.368909091,2.573992196,,,,,,,,,,
17,7/7/2010,3.46,1019.5,1055,1011.75,1054.75,,1054.75,2332,11622,-0.212909091,0.388139617,0.385357592,0.093763551,0.572884695,0.19783049,0,1.21,1200.8,3.011,0.002507495,-0.339636364,2.582771956,,,,,,,,,,
18,7/8/2010,0.73,1054.5,1063.25,1049.5,1062.5,,1062.5,1305,11657,-0.201454545,0.388449156,0.389196128,0.089304945,0.567806019,0.210586237,0,0.26,1198.1,3.012,0.00251398,-0.338,2.583129311,,,,,,,,,,
19,7/9/2010,0.52,1062.25,1070.5,1059.25,1068,,1068,1193,11670,-0.208,0.389163426,0.393480822,0.083234414,0.55994965,0.227011994,0,0.1,1211.8,3.0495,0.002516504,-0.332,2.583767992,,,,,,,,,,
20,7/12/2010,0.37,1066.5,1072.5,1061.25,1072,,1072,1249,11901,-0.195272727,0.389064648,0.397129399,0.078331741,0.553792881,0.240465918,0,-0.58,1200.7,3.004,0.002501874,-0.326909091,2.582984115,,,,,,,,,,
21,7/13/2010,1.21,1072,1091,1069.25,1085,,1085,2375,12319,-0.132545455,0.384024142,0.40036117,0.073850336,0.548061843,0.252660497,0,-0.91,1215.5,3.0135,0.002479227,-0.340181818,2.584090564,,,,,,,,,,
22,7/14/2010,0.14,1091.25,1094.25,1079.5,1086.5,,1086.5,2854,12193,-0.143818182,0.385272503,0.403989461,0.067760524,0.539510509,0.268468414,0,0.24,1209,3.0045,0.002485112,-0.343090909,2.583331808,,,,,,,,,,
23,7/15/2010,-0.07,1087.25,1094,1072,1085.75,,1085.75,2469,12355,-0.168545455,0.35976742,0.400851462,0.065669778,0.532191017,0.269511907,0,0.03,1210.3,3.0085,0.002485747,-0.245454545,2.490799231,,,,,,,,,,
24,7/16/2010,-2.51,1087,1090.25,1055,1058.5,,1058.5,3571,13163,-0.180909091,0.364383765,0.397997064,0.063716931,0.525430926,0.270563201,0,-1.09,1190.1,2.926,0.002458617,-0.253090909,2.492767964,,,,,,,,,,
25,7/19/2010,0.07,1058,1066.25,1052.5,1059.25,,1059.25,7643,17325,-0.203090909,0.370025748,0.395568466,0.062143511,0.519855487,0.271281445,0,0.83,1183.9,2.935,0.002479095,-0.226181818,2.496389609,,,,,,,,,,
26,7/20/2010,1.53,1057,1076,1046.5,1075.5,,1075.5,5925,18153,-0.135636364,0.375037802,0.393517643,0.06089084,0.515299322,0.271735964,0,1.33,1193.6,2.9985,0.002512148,-0.185636364,2.503342775,,,,,,,,,,
27,7/21/2010,-1.51,1074.5,1083,1057,1059.25,,1059.25,6929,19391,-0.149818182,0.366023215,0.392322274,0.060771235,0.513864743,0.270779805,0,2.98,1193.7,3.088,0.002586915,-0.094909091,2.526318411,,,,,,,,,,
28,7/22/2010,2.24,1058.25,1089.5,1056.5,1083,,1083,3357,20513,-0.044,0.36625362,0.390840394,0.060386947,0.511614288,0.2700665,0,2.03,1197.4,3.1605,0.002639469,-0.015454545,2.523118895,,,,,,,,,,
29,7/23/2010,1.2,1082,1096.5,1080,1096,,1096,3181,21272,0.002545455,0.368646088,0.389145779,0.059660738,0.508467255,0.269824304,0,1.36,1189.7,3.183,0.002675464,0.033272727,2.523337043,,,,,,,,,,
30,7/26/2010,0.8,1097,1106.5,1092.5,1104.75,,1104.75,861,21444,-0.064181818,0.345258519,0.386325006,0.0579461,0.502217206,0.270432806,0,1.66,1185,3.223,0.002719831,0.117090909,2.498852828,,,,,,,,,,
31,7/27/2010,0.14,1105,1114,1101.5,1106.25,,1106.25,601,21433,-0.054909091,0.344865574,0.383719943,0.056486159,0.496692261,0.270747626,0,1.58,1159.9,3.2045,0.002762738,0.150363636,2.506047473,,,,,,,,,,
32,7/28/2010,-0.79,1106,1111,1094.5,1097.5,,1097.5,601,21481,-0.097454545,0.299709505,0.378854407,0.051701779,0.482257964,0.27545085,0,1.06,1161,3.2415,0.00279199,0.106181818,2.467198509,,,,,,,,,,
33,7/29/2010,-0.48,1098,1107.75,1084,1092.25,,1092.25,1517,21903,-0.085818182,0.297531371,0.373749465,0.045081467,0.463912398,0.283586531,0,0.73,1169.8,3.29,0.002812447,0.160363636,2.447136621,,,,,,,,,,
34,7/30/2010,0.11,1092.5,1098.5,1079.5,1093.5,,1093.5,4884,24842,-0.049818182,0.323325002,0.370083802,0.040527166,0.451138133,0.28902947,0,-0.42,1182.4,3.3115,0.00280066,0.196,2.423615756,,,,,,,,,,
35,8/2/2010,2.15,1098.75,1119.5,1098.75,1117,,1117,3248,25412,-0.009454545,0.352675987,0.367922959,0.038115034,0.444153027,0.291692892,0,2.21,1184.1,3.3895,0.002862512,0.190727273,2.41882115,,,,,,,,,,
36,8/3/2010,-0.31,1117,1117.5,1109,1113.5,,1113.5,4177,28421,0.010181818,0.33511476,0.364870194,0.033544404,0.431959001,0.297781386,0,-1.08,1186.1,3.3585,0.002831549,0.223818182,2.388008229,,,,,,,,,,
37,8/4/2010,0.58,1113,1121,1110,1120,,1120,3607,30513,0.035454545,0.361279377,0.363198131,0.031272891,0.425743912,0.300652349,0,0.66,1194.5,3.4045,0.002850147,0.353090909,2.205509828,,,,,,,,,,
38,8/5/2010,-0.11,1120.5,1121.5,1111,1118.75,,1118.75,3637,33271,0.098909091,0.408318603,0.364310354,0.031775199,0.427860753,0.300759956,0,-1.78,1197.9,3.3535,0.002799482,0.238,2.146824873,,,,,,,,,,
39,8/6/2010,-0.36,1119.25,1121.5,1099.5,1114.75,,1114.75,2216,33419,0.067272727,0.407160349,0.365404651,0.032200624,0.429805899,0.301003404,0,-0.83,1204.1,3.343,0.002776347,0.234181818,2.148565146,,,,,,,,,,
40,8/9/2010,0.56,1116.75,1122,1112.25,1121,,1121,747,33478,0.100545455,0.422929496,0.367384309,0.032331505,0.43204732,0.302721298,0,0.55,1201.4,3.354,0.002791743,0.246181818,2.148450338,,,,,,,,,,
41,8/10/2010,-0.54,1120.5,1120.5,1104.75,1115,,1115,3824,35103,0.086909091,0.411205794,0.368553173,0.032737434,0.434028041,0.303078305,0,-0.86,1196.8,3.3125,0.002767797,0.138363636,2.048352331,,,,,,,,,,
42,8/11/2010,-3.14,1113.75,1113.75,1080,1080,,1080,5782,36777,0.050181818,0.441077032,0.370723819,0.033521272,0.437766363,0.303681276,0.003310669,-1.86,1198,3.254,0.002716194,0.081636364,2.059884718,,buy,143," (154,440)",B,,,,,
43,8/12/2010,-0.53,1079.5,1082.25,1065.5,1074.25,,1074.25,3178,38197,-0.027818182,0.460885641,0.373554856,0.034445516,0.442445889,0.304663823,0.018439752,-0.52,1215.4,3.284,0.002701991,0.138909091,1.996457671,,,,,,,,,,
44,8/13/2010,-0.28,1075.25,1084,1068,1071.25,,1071.25,1033,38253,-0.012181818,0.462670668,0.376499422,0.03502127,0.446541961,0.306456883,0.016128707,-0.97,1215.4,3.252,0.002675662,0.122363636,2.00189999,,,,,,,,,,
45,8/16/2010,0.14,1071,1076,1061.5,1072.75,,1072.75,1082,38331,-0.011272727,0.432143262,0.37800378,0.035607949,0.449219678,0.306787881,0,0.06,1225,3.2795,0.002677143,0.071818182,1.966800458,,sell,-143," 153,403 ",B,,,,,
46,8/17/2010,1.07,1072.5,1093.5,1070,1084.25,,1084.25,3448,39222,0.041636364,0.430477258,0.379378955,0.036153229,0.451685413,0.307072497,0,1.63,1227,3.3385,0.002720864,0.133454545,1.961442419,,,,,,,,,,
47,8/18/2010,-0.23,1084.5,1093.5,1078.75,1081.75,,1081.75,5367,41824,-0.009090909,0.412671049,0.380188245,0.036394826,0.452977897,0.307398594,0,0.08,1230.1,3.3495,0.002722949,0.176545455,1.933043291,,,,,,,,,,
48,8/19/2010,-1.41,1082,1089.5,1063.75,1066.5,,1066.5,8513,47822,-0.046,0.443980214,0.381737881,0.037269105,0.45627609,0.307199672,0,-1.25,1234.2,3.3185,0.002688786,0.160909091,1.941172109,,,,,,,,,,
49,8/20/2010,-0.12,1066.25,1070,1057,1065.25,,1065.25,7622,53348,0.013818182,0.461094568,0.383795171,0.03847267,0.46074051,0.306849831,0.000354058,-0.3,1227.6,3.291,0.002680841,0.193272727,1.917817099,,buy,145," (154,461)",B,,,,,
50,8/23/2010,-0.45,1065,1075.25,1060,1060.5,,1060.5,5187,55153,0.036545455,0.385385485,0.383558849,0.038421288,0.460401424,0.306716273,0,0.04,1227.3,3.2915,0.002681903,0.283454545,1.784936163,,sell,-145," 153,773 ",B,,,,,
51,8/24/2010,-1.49,1060,1060,1039.25,1044.75,,1044.75,12072,59627,-0.010181818,0.370486403,0.382758587,0.038222741,0.45920407,0.306313104,0,-1.93,1232.2,3.241,0.002630255,0.316,1.725931418,,,,,,,,,,
52,8/25/2010,0.45,1044,1052.5,1033,1049.5,,1049.5,11379,62183,0.004545455,0.36369962,0.381727512,0.037952224,0.457631959,0.305823065,0,-1.54,1239.9,3.211,0.002589725,0.286181818,1.743806491,,,,,,,,,,
53,8/26/2010,-0.93,1049.5,1056.75,1038.25,1039.75,,1039.75,5733,62919,-0.061272727,0.354897056,0.380888716,0.038027428,0.456943573,0.304833859,0,3.2,1236.4,3.3045,0.002672679,0.274363636,1.721263278,,,,,,,,,,
54,8/27/2010,1.83,1038,1059.25,1032.5,1058.75,,1058.75,14147,67182,-0.037272727,0.366218069,0.3800847,0.037858181,0.455801062,0.304368337,0,1.75,1236.6,3.363,0.002719554,0.286727273,1.729506518,,,,,,,,,,
55,8/30/2010,-1.77,1058.5,1067.75,1040,1040,,1040,11631,74081,-0.071636364,0.339757127,0.378723154,0.037938839,0.454600832,0.302845475,0,1.48,1239.2,3.42,0.002759845,0.299272727,1.735716155,,,,,,,,,,
56,8/31/2010,0.31,1040,1049,1032.75,1043.25,,1043.25,19173,77886,-0.104545455,0.329311198,0.377272254,0.038279565,0.453831384,0.300713123,0,-2.48,1250.3,3.365,0.002691354,0.190363636,1.718362661,,,,,,,,,,
57,9/1/2010,3.21,1047,1077.5,1045.75,1076.75,,1076.75,13608,81493,-0.046545455,0.40212579,0.37727271,0.038279867,0.453832444,0.300712976,0,3.38,1248.1,3.4725,0.002782229,0.258909091,1.769223174,,,,,,,,,,
58,9/2/2010,0.72,1076,1085.25,1071.5,1084.5,,1084.5,13327,89077,-0.037090909,0.400030547,0.377224076,0.038248643,0.453721363,0.30072679,0,0.09,1253.4,3.4905,0.002784825,0.260181818,1.769073299,,,,,,,,,,
59,9/3/2010,1.29,1084.25,1099.5,1081.25,1098.5,,1098.5,39641,110177,-0.011272727,0.434964386,0.378069176,0.039007988,0.456085153,0.3000532,0,0.36,1251.1,3.4965,0.002794741,0.347090909,1.64817483,,,,,,,,,,
60,9/7/2010,-1.18,1099.25,1102.25,1085,1086.25,,1086.25,129448,222003,0.008,0.448305771,0.379170333,0.040124937,0.459420207,0.298920458,0,-1.52,1259.3,3.466,0.002752323,0.346727273,1.648592053,,,,,,,,,,
61,9/9/2010,0.27,1094.25,1107,1092,1097.5,,1097.5,1133889,904547,0.060363636,0.471830182,0.380991348,0.04200702,0.465005388,0.296977309,0.006824795,-0.19,1250.9,3.4365,0.002747222,0.280363636,1.593491349,,buy,141," (154,748)",B,,,,,
62,9/10/2010,0.68,1097.75,1105.75,1095.5,1105,,1105,1530259,1367848,0.065454545,0.497920193,0.383782007,0.044554467,0.472890941,0.294673072,0.025029251,-0.73,1246.5,3.3995,0.002727236,0.236363636,1.587245884,,,,,,,,,,
63,9/13/2010,1.02,1110,1119,1108,1116.25,,1116.25,1998170,1793046,0.090727273,0.50551231,0.386700963,0.047148051,0.480997064,0.292404861,0.024515246,2.13,1247.1,3.4735,0.002785262,0.300727273,1.591018605,,,,,,,,,,
64,9/14/2010,-0.04,1115.75,1122.5,1110.25,1115.75,,1115.75,2304737,2127504,0.150545455,0.523131741,0.390280208,0.049869447,0.490019101,0.290541315,0.03311264,-2.24,1271.7,3.4625,0.002722733,0.233272727,1.618928606,,,,,,,,,,
65,9/15/2010,0.45,1115.5,1121.5,1109,1120.75,,1120.75,2083703,2372341,0.174545455,0.524493291,0.3938285,0.052334849,0.498498198,0.289158802,0.025995093,0.18,1268.7,3.4605,0.002727595,0.197454545,1.597385848,,,,,,,,,,
66,9/16/2010,0.16,1121,1124,1112.75,1122.5,,1122.5,1866295,2453572,0.185818182,0.527251084,0.397411447,0.054594142,0.506599732,0.288223162,0.020651351,0.35,1273.8,3.4865,0.002737086,0.192363636,1.596427683,,,,,,,,,,
67,9/17/2010,-0.24,1122.75,1132.75,1117,1119.75,,1119.75,1933484,2436902,0.194909091,0.432908549,0.398469605,0.054709875,0.507889354,0.289049856,0,0.58,1277.5,3.517,0.002753033,0.298909091,1.408982655,,sell,-141," 157,885 ",B,,,,,
68,9/20/2010,1.05,1113,1134.25,1112.25,1131.5,,1131.5,2594,2645,0.218909091,0.423106315,0.399410767,0.054679803,0.508770372,0.290051161,0,-0.77,1280.8,3.499,0.002731886,0.276909091,1.416167066,,,,,,,,,,
69,9/21/2010,-0.18,1130.5,1137.25,1125.5,1129.5,,1129.5,464,2791,0.193090909,0.42862086,0.400462443,0.054675163,0.509812769,0.291112118,0,-0.16,1274.3,3.4755,0.00272738,0.261090909,1.416098805,,,,,,,,,,
70,9/22/2010,-0.44,1128.5,1134.25,1122,1124.5,,1124.5,376,2808,0.122181818,0.435908379,0.401737904,0.05466882,0.511075543,0.292400265,0,0.99,1292.1,3.559,0.002754431,0.256181818,1.413036514,,,,,,,,,,
71,9/23/2010,-0.84,1125.75,1128.5,1113,1115,,1115,491,2986,0.093636364,0.417467791,0.402399224,0.05463447,0.511668163,0.293130285,0,0.4,1296.3,3.585,0.002765564,0.209272727,1.362872585,,,,,,,,,,
72,9/24/2010,2.06,1114,1139,1114,1138,,1138,803,3462,0.121636364,0.410892,0.402812904,0.054610632,0.512034168,0.293591639,0,0.66,1298.1,3.6135,0.002783684,0.199272727,1.35740064,,,,,,,,,,
73,9/27/2010,-0.48,1140,1143.5,1132,1132.5,,1132.5,268,3477,0.106181818,0.414716349,0.403290489,0.054597547,0.512485582,0.294095396,0,-0.59,1298.6,3.5935,0.002767211,0.183818182,1.361528948,,,,,,,,,,
74,9/29/2010,-0.09,1136.75,1141,1130.75,1135.5,,1135.5,394,4110,0.086363636,0.412684152,0.403718139,0.054576956,0.51287205,0.294564227,0,0.95,1310.3,3.6605,0.002793635,0.199272727,1.3653786,,,,,,,,,,
75,9/30/2010,-0.35,1135,1147.25,1126,1131.5,,1131.5,1943,4800,0.081272727,0.417990869,0.40424407,0.054572506,0.513389082,0.295099058,0,-0.21,1309.6,3.651,0.002787874,0.206,1.362376192,,,,,,,,,,
76,10/1/2010,0.49,1130.5,1140.25,1130.25,1137,,1137,336,4782,0.135818182,0.440139986,0.405264358,0.054711867,0.514688091,0.295840625,0,0.41,1317.8,3.689,0.002799363,0.23,1.35395306,,,,,,,,,,
77,10/4/2010,-0.66,1135.25,1137.5,1122.25,1129.5,,1129.5,800,4863,0.122545455,0.444377144,0.406338988,0.054892081,0.51612315,0.296554826,0,-0.66,1316.8,3.662,0.002780984,0.213636364,1.35925819,,,,,,,,,,
78,10/5/2010,1.75,1129.5,1153,1128.25,1149.25,,1149.25,1185,4950,0.126545455,0.42955249,0.407607807,0.054601418,0.516810643,0.298404971,0,-0.09,1340.3,3.724,0.002778482,0.211454545,1.359654665,,,,,,,,,,
79,10/6/2010,0.09,1149.75,1154,1146,1150.25,,1150.25,2160,6327,0.155636364,0.412549498,0.408483548,0.054280636,0.517044821,0.299922275,0,0.15,1347.7,3.75,0.002782518,0.234,1.347904547,,,,,,,,,,
80,10/7/2010,0.07,1149.75,1158.25,1142,1151,,1151,1131,6406,0.116181818,0.411592208,0.409239302,0.054024029,0.517287361,0.301191243,0,-1.03,1335,3.6765,0.002753933,0.200181818,1.355983299,,,,,,,,,,
81,10/8/2010,0.37,1151,1158.5,1140.5,1155.25,,1155.25,826,6570,0.101090909,0.40031268,0.409698845,0.053834881,0.517368607,0.302029083,0,1.77,1345.3,3.7705,0.002802721,0.208181818,1.364046392,,,,,,,,,,
82,10/11/2010,0.15,1157.5,1159.5,1152.75,1157,,1157,591,6702,0.089272727,0.485502379,0.411871193,0.054446978,0.520765149,0.302977238,0,-0.3,1354.4,3.7845,0.002794226,0.148545455,1.311299071,,,,,,,,,,
83,10/12/2010,0.17,1156.75,1163.75,1147.25,1159,,1159,1090,7100,0.089818182,0.457947082,0.413538347,0.054428125,0.522394596,0.304682098,0,0.6,1346.7,3.7855,0.002810945,0.122545455,1.28725982,,,,,,,,,,
84,10/13/2010,0.86,1160.5,1175.25,1159.75,1169,,1169,1800,7105,0.119818182,0.431724418,0.414685226,0.054128413,0.522942052,0.3064284,0,-0.92,1370.5,3.817,0.002785115,0.081090909,1.283377593,,,,,,,,,,
85,10/14/2010,-0.06,1169.25,1175,1157.25,1168.25,,1168.25,2437,8470,0.127454545,0.424134984,0.416119344,0.053293372,0.522706087,0.3095326,0,-0.61,1377.6,3.8135,0.00276822,0.039818182,1.268070116,,,,,,,,,,
86,10/15/2010,0.11,1169,1174.25,1158.25,1169.5,,1169.5,2114,8656,0.127454545,0.426690476,0.417607069,0.052402082,0.522411233,0.312802905,0,1.04,1372,3.8375,0.002797012,0.03,1.257974563,,,,,,,,,,
87,10/18/2010,0.3,1168.25,1176.75,1159.5,1173,,1173,570,8450,0.093818182,0.44628974,0.420272164,0.049965735,0.520203635,0.320340694,0,0.4,1372.1,3.853,0.002808104,0.018,1.251096408,,,,,,,,,,
88,10/19/2010,-1.24,1172.5,1172.5,1151,1158.5,,1158.5,1142,8527,0.076909091,0.445623301,0.422964745,0.047139207,0.517243159,0.328686331,0,0.13,1336,3.7565,0.002811751,0.007090909,1.247383443,,,,,,,,,,
89,10/20/2010,0.95,1157.25,1174.25,1157,1169.5,,1169.5,626,8511,0.083636364,0.446574977,0.425205653,0.045204645,0.515614943,0.334796364,0,0.29,1344.2,3.7905,0.002819893,0.02,1.246555253,,,,,,,,,,
90,10/21/2010,0.09,1170.5,1180.75,1162.25,1170.5,,1170.5,721,8600,0.087272727,0.405748373,0.426170606,0.044182629,0.514535865,0.337805347,0,1.03,1325.6,3.7765,0.002848899,-0.001454545,1.217992304,,,,,,,,,,
91,10/22/2010,0.43,1170.25,1176,1169,1175.5,,1175.5,1244,9292,0.101636364,0.404389926,0.427430154,0.042493928,0.51241801,0.342442299,0,0.47,1325.1,3.793,0.002862425,0.026727273,1.210483611,,,,,,,,,,
92,10/25/2010,0.17,1176.75,1187.5,1176.5,1177.5,,1177.5,940,9629,0.094545455,0.401286757,0.428157561,0.041675128,0.511507818,0.344807305,0,0.68,1338.9,3.8585,0.002881843,0.027090909,1.210680361,,,,,,,,,,
93,10/26/2010,0,1177,1179,1169,1177.5,,1177.5,432,9744,0.104363636,0.404577728,0.428089545,0.041711143,0.511511832,0.344667259,0,0.19,1338.6,3.865,0.002887345,0.062909091,1.185098328,,,,,,,,,,
94,10/27/2010,-0.34,1178,1180.25,1164,1173.5,,1173.5,707,9848,0.155272727,0.404665062,0.428044177,0.041735679,0.511515535,0.344572818,0,-1.19,1322.6,3.7735,0.002853092,0.056363636,1.191100275,,,,,,,,,,
95,10/28/2010,0.04,1173,1181,1168.25,1174,,1174,3114,11871,0.165636364,0.398629097,0.427602351,0.04191905,0.511440451,0.343764252,0,-1.26,1344.5,3.7875,0.002817032,0.023454545,1.202161969,,,,,,,,,,
96,10/29/2010,0.09,1174.5,1177,1167.5,1175,,1175,375,11874,0.172363636,0.377704275,0.426993233,0.042402334,0.5117979,0.342188565,0,-2.52,1359.6,3.7335,0.002746028,-0.006727273,1.24483385,,,,,,,,,,
97,11/1/2010,0.23,1177,1187,1169,1177.75,,1177.75,3674,14503,0.174,0.322960268,0.424845655,0.044609534,0.514064723,0.335626587,-0.012666319,1.91,1352.5,3.785,0.002798521,0.061818182,1.244691083,,short,-132," 155,463 ",Sh,,,,,
98,11/2/2010,0.83,1177.25,1188,1176.25,1187.5,,1187.5,885,14802,0.169636364,0.325309644,0.422380637,0.04629513,0.514970896,0.329790378,-0.004480734,0.95,1358.9,3.839,0.002825079,0.088545455,1.247745253,,,,,,,,,,
99,11/3/2010,0.38,1186.25,1192.75,1175.25,1192,,1192,807,14890,0.180727273,0.319710694,0.419781365,0.047973979,0.515729323,0.323833406,-0.004122712,0.01,1339.6,3.785,0.00282547,0.106363636,1.239317858,,,,,,,,,,
100,11/4/2010,1.78,1191,1213.5,1191,1213.25,,1213.25,3753,17001,0.238727273,0.306495703,0.417496864,0.050309216,0.518115295,0.316878432,-0.010382729,-0.05,1385.2,3.912,0.002824141,0.104363636,1.239482813,,,,,,,,,,
101,11/5/2010,0.29,1213,1219,1207.5,1216.75,,1216.75,3753,17001,0.246181818,0.29073067,0.414956016,0.053093389,0.521142795,0.308769238,-0.018038569,-0.12,1399.8,3.9485,0.00282076,0.072545455,1.221931104,,,,,,,,,,
102,11/8/2010,-0.16,1215.5,1217,1209.75,1214.75,,1214.75,6157,22751,0.251454545,0.292448444,0.412770151,0.05560461,0.523979371,0.30156093,-0.009112487,-0.2,1405.4,3.9565,0.002815213,0.067454545,1.222482626,,,,,,,,,,
103,11/9/2010,-0.74,1212.75,1219.25,1201.5,1205.75,,1205.75,1175,22846,0.265090909,0.234776157,0.408966441,0.060380455,0.529727352,0.28820553,-0.053429373,1.68,1412.4,4.043,0.002862504,0.120727273,1.227837386,,,,,,,,,,
104,11/10/2010,0.27,1204.5,1211,1197,1209,,1209,3402,24177,0.261818182,0.229797734,0.404761044,0.064590527,0.533942098,0.275579989,-0.045782255,-1.07,1401.5,3.969,0.002831966,0.106727273,1.23707848,,,,,,,,,,
105,11/11/2010,-0.25,1207,1208,1197,1206,,1206,3266,25568,0.274181818,0.221034568,0.401772845,0.069144702,0.540062249,0.263483442,-0.042448874,1.05,1405.6,4.0225,0.002861767,0.125090909,1.243549092,,,,,,,,,,
106,11/12/2010,-1.31,1205,1205.5,1187.25,1190.25,,1190.25,4180,27187,0.217090909,0.183926885,0.398380854,0.075033161,0.548447176,0.248314533,-0.064387647,-0.52,1367.7,3.8935,0.00284675,0.150727273,1.214594666,,,,,,,,,,
107,11/15/2010,0.04,1189.5,1200.25,1187.75,1190.75,,1190.75,797,27302,0.25,0.192996171,0.395277155,0.079868982,0.555015118,0.235539192,-0.042543021,0.59,1370.7,3.925,0.0028635,0.189454545,1.193461226,,,,,,,,,,
108,11/16/2010,-1.78,1189.25,1189.25,1165.75,1169.5,,1169.5,3189,28015,0.212,0.35046204,0.395196518,0.079912732,0.555021982,0.235371055,0,-2.89,1340.5,3.7275,0.002780679,0.078727273,1.191483754,,cover,132," (154,374)",Sh,,,,,
109,11/17/2010,0.24,1171,1176.75,1169,1172.25,,1172.25,4438,29268,0.158,0.318511327,0.394329123,0.080489924,0.55530897,0.233349276,0,0.17,1339,3.7295,0.002785288,0.05,1.169282781,,,,,,,,,,
110,11/18/2010,1.73,1172,1193.75,1172,1192.5,,1192.5,8802,37032,0.176363636,0.417245215,0.395737997,0.080194645,0.556127286,0.235348708,0,1.5,1355.1,3.831,0.002827098,0.050363636,1.169738755,,,,,,,,,,
111,11/19/2010,0.04,1191.75,1194.5,1182.75,1193,,1193,6421,41707,0.153636364,0.440606352,0.397761546,0.079891038,0.557543622,0.237979469,0,0.12,1354.4,3.8335,0.002830405,0.097636364,1.116930257,,,,,,,,,,
112,11/22/2010,-0.02,1194.5,1201,1178.5,1192.75,,1192.75,11795,52165,0.152,0.303141349,0.395961829,0.080899458,0.557760744,0.234162913,0,-2.53,1359.9,3.7515,0.002758659,-0.009818182,1.078942368,,,,,,,,,,
113,11/23/2010,-1.66,1190.75,1192,1169.75,1173,,1173,7389,57308,0.143272727,0.37259686,0.395463034,0.080958458,0.557379951,0.233546117,0,-2.72,1379.7,3.7025,0.002683554,-0.060909091,1.138987973,,,,,,,,,,
114,11/24/2010,1.58,1172.5,1192,1170.5,1191.5,,1191.5,14555,57308,0.158181818,0.403749885,0.394895498,0.080785643,0.556466784,0.233324212,0,1.78,1375,3.7555,0.002731273,-0.035090909,1.164513684,,,,,,,,,,
115,11/26/2010,-1.42,1193.5,1193.5,1178,1178,,1178,2350,69017,0.120363636,0.34477163,0.393013059,0.080724283,0.554461625,0.231564492,0,0.66,1364.3,3.751,0.002749395,0.004545455,1.150046405,,,,,,,,,,
116,11/29/2010,0.3,1184.75,1188.25,1167.25,1181.5,,1181.5,8691,75305,0.107272727,0.3456539,0.390718945,0.080234312,0.551187569,0.23025032,0,0.09,1367.5,3.763,0.002751737,0.009636364,1.149788972,,,,,,,,,,
117,11/30/2010,-0.59,1180.75,1182.75,1167.75,1174.5,,1174.5,10578,80630,0.097272727,0.350898772,0.388045828,0.079036789,0.546119406,0.22997225,0,0.27,1386.1,3.8245,0.00275918,0.027818182,1.145775964,,,,,,,,,,
118,12/1/2010,2.13,1172.5,1202.5,1171.5,1199.5,,1199.5,26732,98488,0.127818182,0.402539433,0.386173594,0.077405481,0.540984556,0.231362632,0,3.05,1388.3,3.9475,0.002843406,0.044545455,1.183140545,,,,,,,,,,
119,12/2/2010,1.5,1198.75,1218,1197,1217.5,,1217.5,20411,107462,0.152181818,0.415463189,0.384215984,0.075207913,0.53463181,0.233800158,0,0.71,1389.3,3.9785,0.002863672,0.098181818,1.143871093,,,,,,,,,,
120,12/3/2010,0.08,1217.5,1222.25,1208,1218.5,,1218.5,41853,124614,0.158,0.414571142,0.382217399,0.072834217,0.527885834,0.236548964,0,-0.71,1406.2,3.9985,0.002843479,0.082,1.148976034,,,,,,,,,,
121,12/6/2010,-0.12,1218.5,1221.25,1211.5,1217,,1217,61676,167955,0.136727273,0.416162124,0.3801976,0.070231568,0.520660737,0.239734463,0,-0.48,1416.1,4.0075,0.002829956,0.066909091,1.150840068,,,,,,,,,,
122,12/7/2010,0.1,1217.25,1229.75,1214.25,1218.25,,1218.25,135446,235288,0.141818182,0.414169607,0.379856892,0.070016244,0.51988938,0.239824403,0,1.51,1409,4.0475,0.002872605,0.083818182,1.165260249,,,,,,,,,,
123,12/8/2010,0.45,1217.5,1224,1212.5,1223.75,,1223.75,299447,458617,0.158,0.426526682,0.37991908,0.070056877,0.520032834,0.239805326,0,3.16,1383.2,4.099,0.002963418,0.155272727,1.230597347,,,,,,,,,,
124,12/9/2010,0.35,1223.25,1233,1221.25,1228,,1228,1073405,871881,0.179636364,0.417478343,0.379716489,0.069929428,0.519575345,0.239857634,0,-1.03,1392.8,4.085,0.002932941,0.139454545,1.240278371,,,,,,,,,,
125,12/10/2010,0.65,1227.75,1236.25,1226.75,1236,,1236,1450096,1279636,0.154,0.434888002,0.379697937,0.069914378,0.519526692,0.239869182,0,1.17,1384.9,4.1095,0.002967362,0.142727273,1.242799192,,,,,,,,,,
126,12/13/2010,0.02,1237.5,1242,1232,1236.25,,1236.25,1824807,1594522,0.163090909,0.438139752,0.380073791,0.07017626,0.520426311,0.23972127,0,1.35,1398,4.2045,0.003007511,0.16,1.253000842,,,,,,,,,,
127,12/14/2010,0.04,1236,1242.25,1232.75,1236.75,,1236.75,2008662,1991813,0.157454545,0.443453146,0.380665812,0.070577264,0.521820339,0.239511284,0,-0.41,1404.3,4.206,0.002995087,0.140545455,1.253400439,,,,,,,,,,
128,12/15/2010,-0.38,1236.75,1239.5,1228.75,1232,,1232,2114241,2245053,0.152181818,0.442540446,0.381171704,0.070924721,0.523021145,0.239322263,0,-0.54,1386.2,4.1295,0.002979007,0.141454545,1.252878786,,,,,,,,,,
129,12/16/2010,0.53,1232,1239.75,1227.5,1238.5,,1238.5,1738245,2397297,0.168181818,0.450415398,0.381857727,0.071415948,0.524689623,0.23902583,0,0.7,1371,4.113,0.003,0.136909091,1.250341987,,,,,,,,,,
130,12/17/2010,0,1238.5,1241,1234.5,1238.5,,1238.5,1340620,2392696,0.159272727,0.447827958,0.382400219,0.071807757,0.526015734,0.238784705,0,0.44,1379.2,4.156,0.003013341,0.148727273,1.250074153,,,,,,,,,,
131,12/20/2010,-0.18,1234.75,1240.5,1229.5,1236.25,,1236.25,868,2041,0.168,0.442713489,0.38244701,0.071846906,0.526140822,0.238753199,0,0.64,1386.1,4.2035,0.003032609,0.152909091,1.251348417,,,,,,,,,,
132,12/21/2010,0.77,1238,1246.25,1238,1245.75,,1245.75,489,2418,0.150181818,0.443957274,0.382439376,0.071840226,0.526119828,0.238758925,0,1.46,1388.8,4.273,0.003076757,0.191454545,1.258475589,,,,,,,,,,
133,12/22/2010,0.3,1245.5,1249.5,1244,1249.5,,1249.5,251,2418,0.154,0.469570813,0.383166982,0.072525614,0.528218211,0.238115753,0,0.08,1387.4,4.272,0.003079141,0.194545455,1.257980183,,,,,,,,,,
134,12/23/2010,-0.12,1250,1250.5,1246,1248,,1248,272,2549,0.150545455,0.469387386,0.384200398,0.073352268,0.530904935,0.237495862,0,0.12,1380.5,4.256,0.003082941,0.194,1.258006359,,,,,,,,,,
135,12/27/2010,0.02,1243,1248.75,1241,1248.25,,1248.25,107,2527,0.144181818,0.471463977,0.385288976,0.074205599,0.533700174,0.236877778,0,0.31,1382.9,4.2765,0.003092414,0.218363636,1.246788116,,,,,,,,,,
136,12/28/2010,0.06,1249.5,1251.5,1247,1249,,1249,293,2546,0.142545455,0.471564968,0.386584472,0.075089448,0.536763368,0.236405577,0,-0.52,1405.6,4.324,0.003076266,0.176727273,1.23216319,,,,,,,,,,
137,12/29/2010,0.12,1249,1253,1249,1250.5,,1250.5,162,2521,0.141636364,0.469080165,0.386285886,0.074720571,0.535727029,0.236844744,0,-0.96,1413.5,4.3065,0.003046693,0.164727273,1.240080425,,,,,,,,,,
138,12/30/2010,-0.08,1251,1251.75,1247.25,1249.5,,1249.5,469,2863,0.124545455,0.457019955,0.38626903,0.074704208,0.535677445,0.236860614,0,1.63,1408.1,4.36,0.003096371,0.183454545,1.25446937,,,,,,,,,,
139,12/31/2010,-0.12,1249.75,1252,1244.75,1248,,1248,128,2894,0.123454545,0.475791961,0.387070258,0.07543352,0.537937298,0.236203217,0,0.83,1423.6,4.4445,0.003122015,0.215272727,1.248140624,,,,,,,,,,
140,1/3/2011,0.98,1250.75,1267,1250.75,1260.25,,1260.25,734,2991,0.139272727,0.468197126,0.387871388,0.076065778,0.540002943,0.235739832,0,0.14,1425.1,4.4555,0.003126447,0.228909091,1.243043864,,,,,,,,,,
141,1/4/2011,0,1260.25,1264.5,1253.75,1260.25,,1260.25,1528,4092,0.133818182,0.465529498,0.388577552,0.07661116,0.541799872,0.235355231,0,1.15,1380.9,4.367,0.00316243,0.230909091,1.244460723,,,,,,,,,,
142,1/5/2011,0.52,1260.5,1268.75,1251.25,1266.75,,1266.75,630,4198,0.165818182,0.468893494,0.388988529,0.076986198,0.542960926,0.235016132,0,1.28,1375.6,4.406,0.003202966,0.246909091,1.252307312,,,,,,,,,,
143,1/6/2011,-0.12,1266.5,1271,1262,1265.25,,1265.25,1419,4529,0.146363636,0.480338943,0.389619722,0.077599008,0.544817738,0.234421707,0,-1.64,1373.5,4.327,0.003150346,0.214727273,1.277849546,,,,,,,,,,
144,1/7/2011,-0.22,1263.75,1268.5,1253.25,1262.5,,1262.5,581,4537,0.140727273,0.487678928,0.390367067,0.078351973,0.547071014,0.23366312,0,-0.95,1370.8,4.2775,0.003120441,0.192181818,1.287400037,,,,,,,,,,
145,1/10/2011,-0.16,1261.25,1262.5,1253.5,1260.5,,1260.5,383,4614,0.13,0.492672725,0.39194751,0.079535713,0.551018935,0.232876085,0,-0.8,1376,4.2595,0.003095567,0.158909091,1.288992821,,,,,,,,,,
146,1/11/2011,0.4,1260.5,1268.5,1259.5,1265.5,,1265.5,1375,5643,0.134181818,0.493709752,0.393571507,0.080697868,0.554967243,0.23217577,0,1.23,1386.3,4.344,0.003133521,0.172727273,1.296441646,,,,,,,,,,
147,1/12/2011,1.03,1266,1279,1265.75,1278.5,,1278.5,1719,6707,0.152909091,0.503563819,0.395431089,0.082046111,0.559523311,0.231338868,0,1.34,1387.7,4.4065,0.003175398,0.184727273,1.304254938,,,,,,,,,,
148,1/13/2011,-0.18,1278.25,1278.75,1272,1276.25,,1276.25,2362,8762,0.155818182,0.506309496,0.397280758,0.083391831,0.56406442,0.230497096,0,-0.86,1388.9,4.3725,0.003148175,0.165636364,1.311838918,,,,,,,,,,
149,1/14/2011,0.65,1279,1284.5,1269.5,1284.5,,1284.5,1529,10008,0.166909091,0.504871981,0.399102702,0.084641448,0.568385598,0.229819806,0,2.75,1362.3,4.4065,0.003234603,0.237272727,1.343631694,,,,,,,,,,
150,1/18/2011,0.8,1280.25,1289.75,1279.75,1289.75,,1289.75,2544,11683,0.168545455,0.498731834,0.400922752,0.085700705,0.572324161,0.229521342,0,-0.18,1369.9,4.423,0.003228703,0.256909091,1.329158565,,,,,,,,,,
151,1/19/2011,-1.26,1290.75,1291,1270.5,1273.5,,1273.5,423,11749,0.130545455,0.537272024,0.403823984,0.087580446,0.578984876,0.228663091,0,-1.48,1372,4.364,0.003180758,0.275818182,1.295903361,,,,,,,,,,
152,1/20/2011,-0.18,1273.5,1275.75,1263.75,1271.25,,1271.25,235,11794,0.120363636,0.545071022,0.407862361,0.088893703,0.585649767,0.230074955,0,-0.51,1348.1,4.266,0.003164454,0.231818182,1.280380573,,,,,,,,,,
153,1/21/2011,0.28,1272.75,1282,1268.25,1274.75,,1274.75,810,12257,0.093090909,0.540649132,0.411777624,0.089926632,0.591630887,0.231924361,0,1.28,1342.6,4.303,0.003204975,0.237818182,1.284574711,,,,,,,,,,
154,1/24/2011,0.69,1274.25,1284.25,1274,1283.5,,1283.5,807,12822,0.100363636,0.54355278,0.41584748,0.090744301,0.597336081,0.234358879,0,0.66,1346,4.3425,0.003226226,0.249636364,1.285429693,,,,,,,,,,
155,1/25/2011,-0.08,1283,1286.25,1272.75,1282.5,,1282.5,1040,13302,0.101818182,0.570038919,0.420639175,0.091814919,0.604269013,0.237009337,0,-1.94,1333.8,4.2195,0.003163518,0.215272727,1.318427591,,,,,,,,,,
156,1/26/2011,0.49,1282,1291.75,1282,1288.75,,1288.75,2482,15231,0.124181818,0.574008805,0.425789687,0.09233653,0.610462748,0.241116626,0,0.92,1334.5,4.2605,0.003192581,0.234181818,1.32098545,,,,,,,,,,
157,1/27/2011,0.17,1288,1293,1284.5,1291,,1291,594,15312,0.122363636,0.556798948,0.43059606,0.09214711,0.61489028,0.246301839,0,2.81,1319.8,4.332,0.003282316,0.288909091,1.364305104,,,,,,,,,,
158,1/28/2011,-1.9,1289.75,1294,1266,1266.5,,1266.5,2749,16848,0.092363636,0.585718349,0.436976827,0.090471713,0.617920252,0.256033401,0,-0.7,1341.7,4.373,0.003259298,0.245636364,1.357090793,,,,,,,,,,
159,1/31/2011,0.87,1264.75,1278.75,1259,1277.5,,1277.5,664,16926,0.132,0.604685676,0.443792971,0.088678033,0.621149038,0.266436904,0,2.51,1334.5,4.4585,0.003340952,0.310727273,1.378505437,,,,,,,,,,
160,2/1/2011,1.59,1277.5,1300.75,1277,1297.75,,1297.75,1455,17055,0.160181818,0.618704782,0.451023339,0.086360827,0.623744992,0.278301685,0,1.54,1340.3,4.547,0.003392524,0.319636364,1.384940116,,,,,,,,,,
161,2/2/2011,-0.21,1296.5,1300,1293.25,1295,,1295,3372,19621,0.188727273,0.616365699,0.458885863,0.081119472,0.621124806,0.296646919,0,0.55,1332.1,4.544,0.003411155,0.339090909,1.38043508,,,,,,,,,,
162,2/3/2011,0.27,1295.25,1300.5,1287.5,1298.5,,1298.5,1011,19788,0.189272727,0.603801514,0.466355051,0.074854766,0.616064583,0.316645518,0,-1.53,1353,4.5445,0.003358832,0.300545455,1.402717492,,,,,,,,,,
163,2/4/2011,0.29,1298,1304.75,1293.25,1302.25,,1302.25,1034,19942,0.163090909,0.557371477,0.47011704,0.074118168,0.618353377,0.321880704,0,1.07,1349,4.5795,0.003394737,0.372545455,1.335960215,,,,,,,,,,
164,2/7/2011,0.67,1301.5,1315,1301.5,1311,,1311,768,20131,0.174545455,0.551663654,0.474356174,0.071921555,0.618199285,0.330513063,0,-0.04,1348.2,4.575,0.003393413,0.368727273,1.336849606,,,,,,,,,,
165,2/8/2011,0.44,1310.25,1317.5,1308.75,1316.75,,1316.75,1109,20580,0.182909091,0.529727282,0.476401302,0.071866724,0.62013475,0.332667854,0,-1.19,1364.1,4.574,0.003353127,0.319818182,1.343883939,,,,,,,,,,
166,2/9/2011,-0.19,1316.5,1317.25,1307.5,1314.25,,1314.25,677,20707,0.209636364,0.532709654,0.478075908,0.072089929,0.622255765,0.333896051,0,-1.19,1365.5,4.524,0.003313072,0.296,1.359014621,,,,,,,,,,
167,2/10/2011,-0.02,1313.75,1315.75,1304,1314,,1314,1062,20806,0.180545455,0.543096386,0.482438726,0.06847741,0.619393546,0.345483907,0,0.65,1362.5,4.5435,0.003334679,0.353818182,1.30305125,,,,,,,,,,
168,2/11/2011,0.65,1311,1323.75,1306.5,1322.5,,1322.5,2262,21385,0.187090909,0.479003109,0.484373386,0.066799189,0.617971764,0.350775007,0,-0.01,1360.4,4.536,0.003334313,0.403090909,1.234079163,,,,,,,,,,
169,2/14/2011,0.02,1322,1326.25,1320,1322.75,,1322.75,785,21705,0.213272727,0.449580588,0.485206671,0.066056557,0.617319785,0.353093557,0,1.69,1365.1,4.6285,0.003390594,0.401454545,1.232277954,,,,,,,,,,
170,2/15/2011,-0.09,1322.75,1323.5,1317.5,1321.5,,1321.5,2222,22580,0.206181818,0.483495475,0.487728923,0.063180861,0.614090644,0.361367201,0,-2.64,1374.1,4.536,0.00330107,0.341454545,1.298040429,,,,,,,,,,
171,2/16/2011,0.49,1321,1331,1321,1328,,1328,1329,22784,0.225818182,0.463137763,0.489864993,0.060204405,0.610273803,0.369456183,0,-1.53,1375.1,4.47,0.003250673,0.312,1.322010814,,,,,,,,,,
172,2/17/2011,0.38,1328,1335.25,1324.5,1333,,1333,4186,25173,0.194,0.466153103,0.491960526,0.057209156,0.606378838,0.377542215,0,-0.41,1385.1,4.484,0.003237311,0.299636364,1.325585774,,,,,,,,,,
173,2/18/2011,0.34,1332.5,1337.75,1330.75,1337.5,,1337.5,1651,25061,0.172909091,0.395043655,0.491824239,0.057434609,0.606693457,0.376955022,0,-0.3,1388.6,4.482,0.003227711,0.238727273,1.272782101,,,,,,,,,,
174,2/22/2011,-1.15,1324,1329.5,1305.75,1309.5,,1309.5,3414,25456,0.135454545,0.476438395,0.49293288,0.056514463,0.605961806,0.379903953,0,-3.88,1401.1,4.347,0.003102562,0.155272727,1.386691846,,,,,,,,,,
175,2/23/2011,-0.69,1309,1315.25,1293,1300.5,,1300.5,5670,26992,0.121090909,0.502932636,0.494539452,0.055492282,0.605524016,0.383554888,0,-2.54,1414,4.2755,0.003023692,0.122,1.42914297,,,,,,,,,,
176,2/24/2011,-0.21,1297,1305.75,1287.75,1297.75,,1297.75,17578,41170,0.109090909,0.489907034,0.495880269,0.05444447,0.604769208,0.386991329,0,1.06,1415.8,4.3265,0.003055869,0.15,1.43221274,,,,,,,,,,
177,2/25/2011,1.23,1297,1314.75,1296.25,1313.75,,1313.75,13047,51535,0.125090909,0.530078941,0.497987711,0.053457401,0.604902513,0.391072909,0,3.15,1410.7,4.4465,0.003151981,0.179818182,1.477410762,,,,,,,,,,
178,2/28/2011,0.55,1314.5,1324,1308.25,1321,,1321,14859,61779,0.123272727,0.536482581,0.499986909,0.052787276,0.605561462,0.394412357,0,0.88,1411.3,4.4875,0.003179692,0.138363636,1.423235442,,,,,,,,,,
179,3/1/2011,-1.89,1321.75,1331.25,1296,1296,,1296,16143,71943,0.088545455,0.544365329,0.502293945,0.051879465,0.606052876,0.398535015,0,-1.21,1432.7,4.5005,0.003141272,0.135090909,1.426175763,,,,,,,,,,
180,3/2/2011,0.37,1296,1308.75,1291.5,1300.75,,1300.75,21409,79860,0.094545455,0.532736442,0.504073008,0.05119841,0.606469828,0.401676188,0,-0.71,1439.3,4.489,0.003118877,0.100909091,1.423439071,,,,,,,,,,
181,3/3/2011,1.85,1300.75,1327,1300.75,1324.75,,1324.75,24845,93800,0.135090909,0.544812766,0.506012517,0.05067226,0.607357037,0.404667998,0,1.36,1417.9,4.4825,0.003161365,0.101090909,1.423602203,,,,,,,,,,
182,3/4/2011,-0.7,1324.5,1329.5,1306.5,1315.5,,1315.5,23611,102828,0.112727273,0.550856453,0.507965305,0.050284777,0.608534859,0.407395751,0,-0.95,1430.1,4.478,0.00313125,0.091272727,1.42904404,,,,,,,,,,
183,3/7/2011,-0.86,1315,1322,1298.25,1304.25,,1304.25,58934,137428,0.097090909,0.571601859,0.510311876,0.050186416,0.610684708,0.409939044,0,-3.94,1436,4.3195,0.003008008,0.029454545,1.527037095,,,,,,,,,,
184,3/8/2011,0.84,1303.75,1321,1301.25,1315.25,,1315.25,140172,239079,0.115636364,0.572085566,0.512524061,0.050178896,0.612881853,0.412166269,0,0.76,1428.8,4.3305,0.003030865,0.030545455,1.527546348,,,,,,,,,,
185,3/9/2011,-0.36,1314.75,1320,1306.5,1310.5,,1310.5,269929,439021,0.095090909,0.575816297,0.514851121,0.050090705,0.615032531,0.414669712,0,-3.06,1431.2,4.205,0.002938094,-0.033090909,1.582102297,,,,,,,,,,
186,3/10/2011,-1.6,1311,1312.5,1287.75,1289.5,,1289.5,1844627,945951,0.060545455,0.526852897,0.516380929,0.049122247,0.614625423,0.418136435,0,0.85,1414.1,4.19,0.002963015,-0.029272727,1.584009042,,,,,,,,,,
187,3/11/2011,0.91,1289,1303.75,1278.5,1301.25,,1301.25,2185696,1310121,0.079272727,0.509281193,0.517568636,0.048118175,0.613804986,0.421332287,0,-0.39,1423.2,4.2005,0.002951447,-0.062909091,1.571390836,,,,,,,,,,
188,3/14/2011,-0.83,1298.5,1300.75,1281,1290.5,,1290.5,2788791,1639297,0.063818182,0.510909168,0.518320243,0.04767538,0.613671003,0.422969483,0,-0.74,1426.3,4.1785,0.002929608,-0.077818182,1.57389784,,,,,,,,,,
189,3/15/2011,-1.18,1290.5,1293.25,1251,1275.25,,1275.25,3992352,2134386,0.041272727,0.474868155,0.518419893,0.047576833,0.61357356,0.423266227,0,1.1,1394.2,4.1295,0.002961914,-0.06,1.581706767,,,,,,,,,,
190,3/16/2011,-1.67,1274.75,1283.5,1243.25,1254,,1254,4540281,2518402,0.008727273,0.420947465,0.517501411,0.04896741,0.615436231,0.419566591,0,1.23,1397.5,4.19,0.002998211,-0.043272727,1.590532236,,,,,,,,,,
191,3/17/2011,1.18,1254.75,1274.5,1241.25,1268.75,,1268.75,2979478,2586929,0.031636364,0.446848227,0.517052016,0.049507238,0.616066493,0.418037539,0,2.91,1405.6,4.337,0.003085515,0.019090909,1.638028708,,,,,,,,,,
192,3/18/2011,0.43,1268.5,1287.5,1261.5,1274.25,,1274.25,2342198,2565944,0.041636364,0.441676828,0.516553773,0.05013291,0.616819593,0.416287954,0,-0.99,1417.5,4.3305,0.003055026,0.018545455,1.638365737,,,,,,,,,,
193,3/21/2011,1.06,1272.25,1290,1272.25,1287.75,,1287.75,1090,1595,0.043090909,0.412362915,0.515741827,0.051459057,0.618659942,0.412823713,-0.000460798,-1.95,1427.8,4.277,0.002995518,-0.046545455,1.644262998,,short,-120," 154,530 ",Sh,,,,,
194,3/23/2011,0.31,1283.75,1290,1274.25,1287,,1287,1216,2123,0.032545455,0.414303529,0.514623856,0.052988269,0.620600394,0.408647317,0,2.5,1439.5,4.42,0.003070511,-0.016181818,1.675865162,,cover,120," (154,440)",Sh,,,,,
195,3/24/2011,1.01,1286.75,1301.5,1285.25,1300,,1300,901,2216,0.053090909,0.413955207,0.513637639,0.0543555,0.62234864,0.404926638,0,0.13,1436.4,4.416,0.003074353,-0.016363636,1.675848446,,,,,,,,,,
196,3/25/2011,0.38,1302,1309.25,1300.25,1305,,1305,723,2272,0.064,0.41849798,0.512782521,0.055484573,0.623751668,0.401813374,0,0.5,1427.6,4.411,0.003089801,-0.028181818,1.66975169,,,,,,,,,,
197,3/28/2011,-0.61,1305.5,1310.25,1297,1297,,1297,563,2416,0.055818182,0.420060349,0.511894645,0.05657981,0.625054265,0.398735026,0,-1.13,1421.3,4.342,0.00305495,-0.072,1.666404868,,,,,,,,,,
198,3/29/2011,1.12,1298,1312,1295.25,1311.5,,1311.5,2988,4000,0.068909091,0.417165809,0.510746043,0.057859036,0.626464114,0.395027972,0,0.2,1417.5,4.339,0.003061023,-0.038545455,1.652756864,,,,,,,,,,
199,3/30/2011,0.55,1312.5,1322.75,1309.75,1318.75,,1318.75,1703,4583,0.060181818,0.397441683,0.509105366,0.059772998,0.628651361,0.38955937,0,-2.01,1424.9,4.274,0.002999509,-0.057818182,1.669675829,,,,,,,,,,
200,3/31/2011,-0.23,1318.75,1320.5,1315.75,1315.75,,1315.75,798,4927,0.059272727,0.39622141,0.507351705,0.06164946,0.630650626,0.384052785,0,-0.27,1439.9,4.3075,0.002991527,-0.048181818,1.666840092,,,,,,,,,,
201,4/1/2011,0.51,1316,1328.25,1316,1322.5,,1322.5,2045,6200,0.056727273,0.391503261,0.505493405,0.063578509,0.632650424,0.378336387,0,-0.38,1428.9,4.2585,0.002980265,-0.077454545,1.658091516,,,,,,,,,,
202,4/4/2011,0.11,1322.5,1326,1319.75,1324,,1324,507,6080,0.065818182,0.380909012,0.503263318,0.065761109,0.634785536,0.3717411,0,-0.37,1433,4.255,0.002969295,-0.108545455,1.647015728,,,,,,,,,,
203,4/5/2011,-0.19,1325,1328.5,1318,1321.5,,1321.5,608,6036,0.047818182,0.38137677,0.500991814,0.067780628,0.636553071,0.365430557,0,-1.12,1452.5,4.2645,0.002935972,-0.113272727,1.649583623,,,,,,,,,,
204,4/6/2011,0.15,1321.5,1331,1321.5,1323.5,,1323.5,481,6042,0.073454545,0.367784449,0.498499313,0.070115644,0.638730601,0.358268026,0,2.05,1458.5,4.37,0.002996229,-0.126,1.629663224,,,,,,,,,,
205,4/7/2011,-0.02,1324.25,1329.25,1317.75,1323.25,,1323.25,1086,6107,0.076363636,0.367678891,0.496116533,0.072300383,0.640717298,0.351515767,0,1.01,1459.3,4.4165,0.003026451,-0.104363636,1.636816879,,,,,,,,,,
206,4/8/2011,-0.36,1324.5,1330.25,1313.25,1318.5,,1318.5,3311,8572,0.064727273,0.345096567,0.492622433,0.074872536,0.642367506,0.34287736,0,0.9,1474.1,4.5015,0.003053728,-0.061090909,1.631226161,,,,,,,,,,
207,4/12/2011,-0.86,1313.25,1313.25,1300.25,1303,,1303,1320,8963,0.032181818,0.353438237,0.489138201,0.07682015,0.642778501,0.3354979,0,-1.25,1453.6,4.3835,0.003015616,-0.074545455,1.638034977,,,,,,,,,,
208,4/13/2011,0.02,1306.5,1313,1300,1303.25,,1303.25,1557,9045,0.023636364,0.348579864,0.485646032,0.078775895,0.643197822,0.328094242,0,-2.16,1455.6,4.2945,0.00295033,-0.137090909,1.650980262,,,,,,,,,,
209,4/14/2011,0.12,1303.25,1307.75,1294,1304.75,,1304.75,1061,9048,0.022727273,0.341689099,0.481975784,0.08070685,0.643389484,0.320562083,0,-1.38,1472.4,4.284,0.002909535,-0.174181818,1.655649913,,,,,,,,,,
210,4/15/2011,0.65,1304.5,1313.5,1301,1313.25,,1313.25,4419,11906,0.069090909,0.327497033,0.477565931,0.082414171,0.642394273,0.31273759,0,-1.53,1486,4.2575,0.002865074,-0.166727273,1.648459499,,,,,,,,,,
211,4/18/2011,-1.35,1311.75,1312.25,1285.25,1295.5,,1295.5,3106,12622,0.028727273,0.342633766,0.473359112,0.083300579,0.63996027,0.306757954,0,-1.85,1492.9,4.198,0.002811977,-0.217090909,1.656935673,,,,,,,,,,
212,4/19/2011,0.6,1294.5,1303.75,1289,1303.25,,1303.25,561,12640,0.010727273,0.3528848,0.469651582,0.084052574,0.637756731,0.301546434,0,0.6,1495.1,4.2295,0.002828908,-0.257272727,1.608248938,,,,,,,,,,
213,4/20/2011,1.52,1304.5,1324.75,1303.5,1323,,1323,1117,12640,0.042181818,0.390821881,0.46610801,0.083172412,0.632452833,0.299763187,0,2.34,1498.9,4.3395,0.002895123,-0.202,1.644580775,,,,,,,,,,
214,4/21/2011,0.21,1324.5,1332,1323.75,1325.75,,1325.75,3839,15381,0.041090909,0.37485073,0.461929193,0.081844114,0.625617421,0.298240965,0,1.06,1503.8,4.4,0.002925921,-0.228363636,1.611591994,,,,,,,,,,
215,4/25/2011,-0.02,1325.25,1329.25,1322.5,1325.5,,1325.5,1807,16820,0.035454545,0.348955428,0.457024659,0.080343969,0.617712596,0.296336722,0,-2.55,1509.1,4.303,0.002851368,-0.302727273,1.62280673,,,,,,,,,,
216,4/26/2011,0.75,1325.5,1340.25,1323.5,1335.5,,1335.5,891,16796,0.036909091,0.360113875,0.452365535,0.078337648,0.609040831,0.29569024,0,0.75,1503.5,4.319,0.002872631,-0.299090909,1.624975524,,,,,,,,,,
217,4/27/2011,0.77,1336.5,1348.5,1335.5,1345.75,,1345.75,1104,17329,0.042909091,0.329181336,0.447372441,0.077251008,0.601874458,0.292870424,0,-2.98,1517.1,4.228,0.002786896,-0.325454545,1.656767064,,,,,,,,,,
218,4/28/2011,0.28,1346.25,1352.25,1342,1349.5,,1349.5,984,17504,0.051454545,0.327436702,0.443191809,0.077409482,0.598010773,0.288372844,0,-0.43,1532.5,4.2525,0.002774878,-0.352727273,1.645679478,,,,,,,,,,
219,4/29/2011,0.37,1350,1358.25,1347.75,1354.5,,1354.5,810,17482,0.058545455,0.304427283,0.438696602,0.078168666,0.595033935,0.282359269,0,-3.47,1557.7,4.1725,0.002678629,-0.415090909,1.697775094,,,,,,,,,,
220,5/2/2011,-0.15,1359,1367.5,1349.25,1352.5,,1352.5,1783,18268,0.044,0.306223682,0.4346329,0.07915206,0.592937019,0.276328781,0,0.33,1558.4,4.188,0.002687372,-0.387454545,1.697298745,,,,,,,,,,
221,5/3/2011,-0.43,1352,1352,1341.5,1346.75,,1346.75,1867,19884,0.035818182,0.27658958,0.429976172,0.08079221,0.591560591,0.268391753,0,2.47,1541.7,4.2455,0.002753778,-0.320909091,1.736545392,,,,,,,,,,
222,5/4/2011,-0.67,1345.5,1349.25,1332.5,1337.75,,1337.75,537,20062,0.025272727,0.284239803,0.425269688,0.081615991,0.588501671,0.262037705,0,-1.2,1516.5,4.126,0.002720739,-0.354545455,1.735307442,,,,,,,,,,
223,5/5/2011,-0.6,1339,1343,1319.75,1329.75,,1329.75,2911,21441,0.005454545,0.286827408,0.421775585,0.083367847,0.588511278,0.255039891,0,-1.06,1482.6,3.991,0.002691893,-0.373636364,1.737221455,,,,,,,,,,
224,5/6/2011,-0.04,1330.25,1346,1326.5,1329.25,,1329.25,3938,23353,-0.002181818,0.29161966,0.418903568,0.085095204,0.589093976,0.248713159,0,-1.22,1492.9,3.9695,0.002658919,-0.426545455,1.717407842,,,,,,,,,,
225,5/9/2011,0.6,1335,1340.75,1330,1337.25,,1337.25,2238,23291,0.002545455,0.295230872,0.415480575,0.086227827,0.587936228,0.243024921,0,0.22,1504.5,4.009,0.002664673,-0.374545455,1.692261054,,,,,,,,,,
226,5/10/2011,0.84,1338.75,1350.75,1334,1348.5,,1348.5,842,23281,0.035090909,0.302504791,0.412559975,0.087297494,0.587154964,0.237964987,0,-0.27,1518.2,4.0345,0.002657423,-0.351636364,1.684841748,,,,,,,,,,
227,5/11/2011,-1.13,1348,1352.75,1328,1333.25,,1333.25,987,23445,0.035454545,0.322314275,0.409944724,0.087815244,0.585575212,0.234314236,0,-2.2,1502.7,3.9055,0.002598988,-0.384181818,1.703178609,,,,,,,,,,
228,5/12/2011,0.66,1334,1343,1323.75,1342,,1342,847,23583,0.06,0.33050853,0.408771358,0.088446915,0.585665188,0.231877528,0,1.13,1508,3.9635,0.002628316,-0.358181818,1.715358823,,,,,,,,,,
229,5/13/2011,-1.01,1341.25,1346.75,1325.75,1328.5,,1328.5,770,23646,0.045454545,0.264986092,0.404926771,0.090032576,0.584991922,0.224861619,0,1.24,1494.8,3.9775,0.002660891,-0.265090909,1.658686308,,,,,,,,,,
230,5/16/2011,-0.62,1325,1335.5,1319.5,1320.25,,1320.25,10483,32477,0.011818182,0.24143617,0.40017229,0.091651255,0.5834748,0.216869779,0,0.38,1491.8,3.9845,0.002670934,-0.212,1.631023764,,,,,,,,,,
231,5/17/2011,-0.06,1319,1326,1311,1319.5,,1319.5,3724,32849,0.000727273,0.244783319,0.395715495,0.09315443,0.582024355,0.209406635,0,0.89,1481.2,3.9915,0.002694775,-0.215090909,1.628728057,,,,,,,,,,
232,5/18/2011,1.04,1319.75,1334.5,1319.25,1333.25,,1333.25,4397,35996,0.054,0.22319555,0.390135797,0.094142884,0.578421565,0.201850029,0,1.65,1497.1,4.101,0.002739296,-0.242363636,1.583260775,,,,,,,,,,
233,5/19/2011,0.23,1333.25,1339.5,1329.25,1336.25,,1336.25,1757,35839,0.051454545,0.214075805,0.384273855,0.094896188,0.574066231,0.194481479,0,-1.05,1493.6,4.0485,0.002710565,-0.277454545,1.579307418,,,,,,,,,,
234,5/20/2011,-1.03,1336.25,1338.5,1321.25,1322.5,,1322.5,2158,36357,-0.000909091,0.181274314,0.377672201,0.09617384,0.57001988,0.185324521,-0.004050207,0.62,1510,4.1185,0.002727483,-0.244181818,1.578573771,,short,-117," 154,733 ",Sh,,,,,
235,5/23/2011,-0.96,1320.75,1320.75,1305.75,1309.75,,1309.75,1821,36480,-0.005636364,0.220055433,0.371987091,0.096079491,0.564146073,0.179828109,0,-3.55,1516.5,3.9895,0.002630729,-0.295818182,1.639371708,,cover,117," (153,241)",Sh,,,,,
236,5/24/2011,-0.11,1309,1316.5,1306.5,1308.25,,1308.25,2560,37733,0.008,0.187627193,0.365492808,0.096252821,0.55799845,0.172987167,0,-0.03,1524.3,4.009,0.00263006,-0.321090909,1.624014998,,,,,,,,,,
237,5/25/2011,0.23,1308,1318.5,1297,1311.25,,1311.25,5129,40257,-0.003090909,0.18680267,0.358873648,0.095786167,0.550445983,0.167301314,0,2.11,1527.8,4.103,0.002685561,-0.265454545,1.654205436,,,,,,,,,,
238,5/26/2011,0.74,1311,1322,1307,1321,,1321,6171,44797,0.016909091,0.152828886,0.351259594,0.09520563,0.541670854,0.160848335,-0.008019449,0.37,1523.7,4.107,0.002695412,-0.187090909,1.577205302,,short,-117," 154,557 ",Sh,,,,,
239,5/27/2011,0.26,1321.25,1328,1319.5,1324.5,,1324.5,3187,45197,0.050727273,0.146407603,0.343519995,0.094218786,0.531957566,0.155082424,-0.008674821,1.02,1537.3,4.186,0.002722956,-0.182363636,1.580482772,,,,,,,,,,
240,5/31/2011,1,1327,1340.25,1327,1338.5,,1338.5,3623,46571,0.068545455,0.130789945,0.335428607,0.093001326,0.521431259,0.149425955,-0.01863601,-0.17,1536.8,4.1775,0.002718311,-0.129818182,1.530283792,,,,,,,,,,
241,6/1/2011,-2.37,1339.5,1342.5,1305.75,1306.75,,1306.75,6699,48321,0.046909091,0.218547874,0.329823061,0.090507719,0.510838499,0.148807623,0,-2.11,1543.2,4.1065,0.002661029,-0.183636364,1.547143561,,cover,117," (152,890)",Sh,,,,,
242,6/2/2011,0.02,1307.75,1312.25,1298.5,1307,,1307,28755,69340,0.077636364,0.22372425,0.324631117,0.08818311,0.500997336,0.148264897,0,0.15,1532.7,4.0845,0.002664905,-0.173818182,1.5475231,,,,,,,,,,
243,6/3/2011,-1.22,1307.25,1307.75,1289.25,1291,,1291,21962,78565,0.034,0.199705725,0.318972872,0.085965547,0.490903966,0.147041778,0,0.59,1542.4,4.1345,0.002680563,-0.149636364,1.548902794,,,,,,,,,,
244,6/6/2011,-0.89,1293.5,1295,1278,1279.5,,1279.5,82124,143253,0.01,0.225149232,0.314432528,0.084154817,0.482742161,0.146122895,0,-0.13,1547.2,4.142,0.002677094,-0.172,1.539376257,,,,,,,,,,
245,6/7/2011,0,1280,1290,1277.5,1279.5,,1279.5,92351,200798,-0.009272727,0.27488433,0.311776835,0.083028389,0.477833612,0.145720057,0,0.39,1544,4.1495,0.0026875,-0.187272727,1.529343183,,,,,,,,,,
246,6/8/2011,-0.63,1279.25,1282.25,1271,1271.5,,1271.5,278698,391414,-0.014,0.23462598,0.307918248,0.081553165,0.471024579,0.144811918,0,-0.65,1538.7,4.1085,0.002670111,-0.252,1.470013101,,,,,,,,,,
247,6/9/2011,0.83,1273,1288.5,1269.75,1282,,1282,978448,808832,-0.004545455,0.237936464,0.304213878,0.079976962,0.464167801,0.144259955,0,-0.28,1542.7,4.1075,0.00266254,-0.239090909,1.46652559,,,,,,,,,,
248,6/10/2011,-1.42,1282.25,1283.5,1261.75,1263.75,,1263.75,2355546,1201982,-0.048727273,0.271664891,0.301655732,0.07869353,0.459042793,0.144268671,0,-0.38,1529.2,4.056,0.002652367,-0.210545455,1.447766374,,,,,,,,,,
249,6/13/2011,0.2,1265,1271.75,1259.5,1266.25,,1266.25,2517553,1584108,-0.052,0.267550726,0.298987499,0.077278516,0.453544532,0.144430467,0,0.36,1515.6,4.0345,0.002661982,-0.249454545,1.401590919,,,,,,,,,,
250,6/14/2011,1.44,1267.5,1287,1265.25,1284.5,,1284.5,2834353,2117784,-0.014727273,0.311911893,0.297132166,0.075675534,0.448483235,0.145781098,0,2.39,1524.4,4.155,0.002725663,-0.208363636,1.445366497,,,,,,,,,,
251,6/15/2011,-1.91,1283.75,1283.75,1255.75,1260,,1260,3639073,2472316,-0.069818182,0.312732927,0.295209166,0.073856318,0.442921801,0.14749653,0,-0.91,1526.2,4.122,0.002700826,-0.234,1.445074136,,,,,,,,,,
252,6/16/2011,0.28,1261,1269,1252.25,1263.5,,1263.5,3263670,2557724,-0.074727273,0.306115405,0.293137439,0.071860445,0.436858329,0.149416549,0,-0.35,1529.9,4.1175,0.002691352,-0.219818182,1.439936329,,,,,,,,,,
253,6/17/2011,0.2,1263.75,1277.25,1258.5,1266,,1266,2335210,2572371,-0.066909091,0.30031578,0.291012893,0.069824132,0.430661158,0.151364629,0,-0.97,1539.1,4.102,0.002665194,-0.241090909,1.442259894,,,,,,,,,,
254,6/20/2011,0.2,1262,1269.5,1252.5,1268.5,,1268.5,382,6853,-0.072545455,0.320337895,0.289611006,0.068407397,0.426425801,0.152796212,0,-0.88,1542,4.0735,0.002641699,-0.220545455,1.424534256,,,,,,,,,,
255,6/21/2011,1.1,1268,1287.25,1267.25,1282.5,,1282.5,303,6847,-0.054545455,0.319673886,0.288219233,0.066961618,0.42214247,0.154295996,0,0.08,1546.4,4.0885,0.002643883,-0.214181818,1.425090888,,,,,,,,,,
256,6/22/2011,-0.62,1283.25,1288,1274.5,1274.5,,1274.5,729,6920,-0.062363636,0.32327926,0.286978797,0.065631595,0.418241987,0.155715607,0,-0.46,1553.4,4.088,0.002631647,-0.215636364,1.425304079,,,,,,,,,,
257,6/23/2011,-0.22,1274.25,1274.25,1252.25,1271.75,,1271.75,2130,7947,-0.069090909,0.319012119,0.285853399,0.064512262,0.414877923,0.156828874,0,0.94,1520.5,4.039,0.002656363,-0.191818182,1.433598284,,,,,,,,,,
258,6/24/2011,-1.04,1272.5,1280,1256.25,1258.5,,1258.5,2489,8771,-0.087636364,0.259311697,0.283634034,0.063252546,0.410139126,0.157128941,0,2.8,1500.9,4.0985,0.002730695,-0.120545455,1.483184035,,,,,,,,,,
259,6/27/2011,0.99,1260,1274.5,1252,1271,,1271,1216,9144,-0.063090909,0.241497205,0.281337902,0.062428035,0.406193972,0.156481832,0,-0.85,1496.4,4.0515,0.002707498,-0.173272727,1.455888496,,,,,,,,,,
260,6/28/2011,1.44,1272,1289.25,1266.5,1289.25,,1289.25,1166,8967,-0.031090909,0.254960568,0.279288478,0.061382529,0.402053537,0.156523419,0,0.74,1500.2,4.092,0.002727636,-0.178181818,1.45227547,,,,,,,,,,
261,6/29/2011,0.76,1288.5,1300,1286.5,1299,,1299,840,9058,-0.001636364,0.281190871,0.278126556,0.060714979,0.399556514,0.156696599,0,2.3,1511.5,4.2175,0.002790275,-0.152727273,1.483457491,,,,,,,,,,
262,6/30/2011,0.85,1298,1311.75,1297.25,1310,,1310,677,9028,0.013454545,0.289007373,0.276955086,0.059850389,0.396655864,0.157254307,0,1.93,1503.8,4.277,0.002844128,-0.094909091,1.501756839,,,,,,,,,,
263,7/1/2011,1.49,1308.75,1331.25,1307.5,1329.5,,1329.5,827,9000,0.038363636,0.320851917,0.276450941,0.059350587,0.395152115,0.157749768,0,1.82,1483.7,4.2965,0.002895801,-0.022545455,1.496285794,,,,,,,,,,
264,7/5/2011,0.24,1328.5,1334,1324.25,1331.25,,1331.25,709,9102,0.053454545,0.320954501,0.276073949,0.0589933,0.394060548,0.158087349,0,-0.95,1513.8,4.342,0.002868279,-0.014727273,1.490172566,,,,,,,,,,
265,7/6/2011,-0.06,1331,1335,1321.5,1330.5,,1330.5,776,9141,0.041454545,0.337990246,0.276264734,0.059179357,0.394623449,0.15790602,0,-1.35,1530.3,4.33,0.002829511,-0.011454545,1.48697732,,,,,,,,,,
266,7/7/2011,1.18,1331.25,1347,1331.25,1346.25,,1346.25,1117,9352,0.035272727,0.338021464,0.276180874,0.059086763,0.3943544,0.158007349,0,2.35,1531.7,4.436,0.002896128,0.064909091,1.49861031,,,,,,,,,,
267,7/8/2011,-0.72,1346,1348.75,1324,1336.5,,1336.5,894,9803,0.018363636,0.345698794,0.27605022,0.058921726,0.393893672,0.158206768,0,-1.37,1542.7,4.4065,0.002856356,0.029090909,1.509090077,,,,,,,,,,
268,7/11/2011,-1.74,1332,1332,1306.5,1313.25,,1313.25,2088,10856,-0.012909091,0.334069369,0.275018356,0.057350562,0.38971948,0.160317232,0,-1.48,1550.2,4.3625,0.002814153,-0.040363636,1.488528933,,,,,,,,,,
269,7/12/2011,-0.61,1311.5,1317.25,1290.25,1305.25,,1305.25,3106,11712,-0.037636364,0.333226917,0.274261559,0.056273296,0.386808152,0.161714967,0,-0.32,1563.3,4.3855,0.002805284,-0.065454545,1.481250495,,,,,,,,,,
270,7/13/2011,0.11,1305.5,1321.75,1302.25,1306.75,,1306.75,1516,11656,-0.049636364,0.338365716,0.274069019,0.05603059,0.386130199,0.162007839,0,-1.17,1586.5,4.3985,0.002772455,-0.040363636,1.449738116,,,,,,,,,,
271,7/14/2011,-0.42,1304,1317.25,1297.25,1301.25,,1301.25,1540,12282,-0.062363636,0.335273891,0.273617383,0.055420975,0.384459332,0.162775434,0,-0.75,1590.2,4.3755,0.002751541,-0.067636364,1.448703077,,,,,,,,,,
272,7/15/2011,0.63,1301.5,1309.5,1295.5,1309.5,,1309.5,1284,12734,-0.057636364,0.392138078,0.274762051,0.057211093,0.389184238,0.160339864,0.00295384,0.69,1591,4.408,0.002770585,-0.000909091,1.395623149,,buy,118," (154,521)",B,,,,,
273,7/18/2011,-1.11,1307.25,1308,1285.75,1295,,1295,1404,13046,-0.075090909,0.403571328,0.276146317,0.059388819,0.394923955,0.157368679,0.008647374,-0.99,1603.4,4.3985,0.002743233,-0.011090909,1.40084455,,,,,,,,,,
274,7/19/2011,1.6,1296.5,1318.75,1295,1315.75,,1315.75,2153,13151,-0.038181818,0.472561494,0.279203303,0.064939408,0.409082119,0.149324487,0.063479375,1.55,1602.1,4.463,0.002785719,0.080181818,1.333211787,,,,,,,,,,
275,7/20/2011,0,1318.5,1324,1313.75,1315.75,,1315.75,321,13182,-0.026,0.472097624,0.282219193,0.069881209,0.421981611,0.142456774,0.050116014,-0.46,1598,4.431,0.002772841,0.065818182,1.334725233,,,,,,,,,,
276,7/21/2011,1.62,1316,1337,1310,1337,,1337,3280,15345,0.014363636,0.473313639,0.285795994,0.074471528,0.434739049,0.136852938,0.03857459,-0.56,1588.1,4.379,0.002757383,0.010727273,1.295613475,,,,,,,,,,
277,7/22/2011,-0.11,1336.25,1341.75,1327.5,1335.5,,1335.5,3344,21242,0.013090909,0.467211697,0.289122755,0.078384733,0.445892222,0.132353289,0.021319475,-0.29,1602.6,4.406,0.002749282,0.027272727,1.285637836,,,,,,,,,,
278,7/25/2011,-0.56,1326,1334.25,1316.5,1328,,1328,3398,22812,-0.008,0.465480732,0.292370998,0.081910243,0.456191483,0.128550512,0.009289249,-0.72,1613.3,4.4035,0.002729499,0.033454545,1.281122509,,,,,,,,,,
279,7/26/2011,-0.56,1328,1333.75,1320,1320.5,,1320.5,2196,22969,-0.033454545,0.452375616,0.295293833,0.084703469,0.464700771,0.125886895,0,1.33,1618,4.475,0.00276576,0.079818182,1.281062191,,sell,-118," 155,819 ",B,,,,,
280,7/27/2011,-2.06,1320.5,1322.75,1293,1293.25,,1293.25,1976,23276,-0.050363636,0.453770443,0.298176371,0.087357337,0.472891044,0.123461697,0,-0.61,1616.1,4.4425,0.002748902,0.064727273,1.284264964,,,,,,,,,,
281,7/28/2011,-0.15,1295.25,1307,1290,1291.25,,1291.25,1989,23158,-0.065090909,0.4605247,0.30104946,0.090059103,0.481167666,0.120931254,0,0.68,1614.9,4.4695,0.002767664,0.082,1.28606693,,,,,,,,,,
282,7/29/2011,-0.66,1293.25,1294.25,1273,1282.75,,1282.75,3083,24434,-0.058727273,0.446487002,0.303307146,0.092134585,0.487576316,0.119037976,0,-0.7,1629.9,4.4795,0.002748328,0.109272727,1.252237781,,,,,,,,,,
283,8/1/2011,-0.68,1295.25,1304,1265,1274,,1274,1247,24392,-0.059818182,0.445236444,0.305393108,0.09404086,0.493474829,0.117311387,0,-0.97,1620.4,4.41,0.00272155,0.071090909,1.252553943,,,,,,,,,,
284,8/2/2011,-2.53,1273.75,1277.5,1241.25,1241.75,,1241.75,1893,24952,-0.104727273,0.497865848,0.309627285,0.097371556,0.504370398,0.114884173,0,-1.72,1643.1,4.395,0.002674822,0.017272727,1.264929298,,,,,,,,,,
285,8/3/2011,0.58,1243,1252,1225,1249,,1249,4486,27916,-0.113090909,0.451343661,0.313443785,0.098753178,0.510950142,0.115937429,0,-2.86,1664.9,4.326,0.002598354,-0.041636364,1.321886648,,,,,,,,,,
286,8/4/2011,-4.48,1248.5,1258,1188,1193,,1193,12883,34517,-0.198727273,0.467293545,0.317489426,0.100431805,0.518353036,0.116625816,0,-1.65,1657.5,4.2355,0.002555354,-0.087818182,1.333057876,,,,,,,,,,
287,8/5/2011,-0.08,1190,1213,1158.25,1192,,1192,11683,42270,-0.181454545,0.438919796,0.321411685,0.100892447,0.523196579,0.119626791,0,-2.37,1650.2,4.117,0.002494849,-0.160909091,1.346152642,,,,,,,,,,
288,8/8/2011,-7.26,1163.5,1182.75,1104,1105.5,,1105.5,12242,45419,-0.296,0.648829105,0.32931629,0.109029902,0.547376095,0.111256485,0.10145301,-7.23,1711.6,3.9615,0.002314501,-0.273272727,1.646219074,,buy,140," (154,770)",B,,,,,
289,8/9/2011,5.47,1106,1169.5,1072,1166,,1166,14195,48559,-0.194545455,0.533799338,0.335725836,0.110517589,0.556761014,0.114690658,0,-1.5,1741.4,3.97,0.002279775,-0.311818182,1.649731842,,sell,-140," 163,240 ",B,,,,,
290,8/10/2011,-4.14,1166.25,1173,1108.5,1117.75,,1117.75,9963,53178,-0.274,0.583422891,0.342332517,0.114272008,0.570876534,0.113788501,0.012546357,-4.32,1782.7,3.8885,0.002181242,-0.325818182,1.680697266,,buy,138," (154,250)",B,,,,,
291,8/11/2011,4.03,1116.75,1178,1097.5,1162.75,,1162.75,7549,54590,-0.214181818,0.632368673,0.350418726,0.118768989,0.587956703,0.112880749,0.04441197,5.02,1749.9,4.0085,0.002290702,-0.234,1.828593469,,,,,,,,,,
292,8/12/2011,0.71,1170.5,1180.5,1141.25,1171,,1171,6887,56979,-0.206,0.638669127,0.35863448,0.122801675,0.60423783,0.113031129,0.034431296,0.6,1741,4.012,0.002304423,-0.261454545,1.803917977,,,,,,,,,,
293,8/15/2011,1.86,1171.5,1195,1171.25,1192.75,,1192.75,1927,57921,-0.173272727,0.629374878,0.367298952,0.124807183,0.616913318,0.117684586,0.012461559,-0.38,1756.4,4.032,0.002295605,-0.275090909,1.801889823,,,,,,,,,,
294,8/16/2011,-0.52,1191.5,1195,1172.5,1186.5,,1186.5,1927,59141,-0.200909091,0.625422727,0.376008318,0.125816736,0.62764179,0.124374846,0,-2.44,1783.4,3.994,0.002239542,-0.338,1.816179751,,sell,-138," 163,737 ",B,,,,,
295,8/17/2011,-0.19,1185.75,1200.5,1176.25,1184.25,,1184.25,1453,58405,-0.161272727,0.625662727,0.385006005,0.125650494,0.636306993,0.133705017,0,0.46,1792.2,4.032,0.002249749,-0.326545455,1.819243044,,,,,,,,,,
296,8/18/2011,-3.93,1184.25,1184.25,1122.5,1137.75,,1137.75,9103,60158,-0.233090909,0.637615793,0.392625422,0.128052714,0.648730849,0.136519995,0,-3.13,1819.9,3.966,0.002179241,-0.345090909,1.842806709,,,,,,,,,,
297,8/19/2011,-1.71,1136.75,1147.75,1112,1118.25,,1118.25,9630,62960,-0.242,0.639252245,0.400180476,0.130143988,0.660468452,0.139892501,0,-1.2,1850.1,3.9835,0.002153127,-0.369636364,1.845079506,,,,,,,,,,
298,8/22/2011,-0.07,1116,1140.5,1105.75,1117.5,,1117.5,2731,63688,-0.227090909,0.635406283,0.408102305,0.130973012,0.670048329,0.14615628,0,-2.78,1889.7,3.9555,0.002093189,-0.430909091,1.868429993,,,,,,,,,,
299,10/3/2011,-3.55,1115.25,1126.25,1079.75,1079.75,,1079.75,1625,2680,-0.302909091,0.644794856,0.415732225,0.132333886,0.680399996,0.151064454,0,-9.35,1657.7,3.1455,0.001897509,-0.598545455,2.221234573,,,,,,,,,,
300,10/4/2011,2.55,1080.25,1113,1062.25,1107.25,,1107.25,3685,3838,-0.285636364,0.649137699,0.422536832,0.134560687,0.691658205,0.153415459,0,1.06,1616,3.099,0.001917698,-0.586363636,2.228581482,,,,,,,,,,
301,10/5/2011,1.87,1109,1135,1100.5,1128,,1128,2767,3816,-0.251636364,0.6341436,0.429800788,0.135011665,0.699824119,0.159777458,0,-1.5,1641.6,3.101,0.001889011,-0.601818182,2.231975616,,,,,,,,,,
302,10/6/2011,2.08,1128.25,1153.5,1123.5,1151.5,,1151.5,1349,3816,-0.243272727,0.644938163,0.437200819,0.135453999,0.708108817,0.166292821,0,3.81,1653.2,3.242,0.001961045,-0.527454545,2.309677882,,,,,,,,,,
303,10/7/2011,-0.24,1150.75,1166.75,1139,1148.75,,1148.75,2020,3958,-0.245636364,0.640763583,0.443911705,0.136241827,0.716395358,0.171428051,0,1.89,1635.8,3.2685,0.001998105,-0.486181818,2.33253041,,,,,,,,,,
304,10/10/2011,3.13,1150.5,1186,1150.5,1184.75,,1184.75,1099,4055,-0.178545455,0.639826775,0.45068036,0.136564923,0.723810206,0.177550514,0,0.77,1670.8,3.364,0.002013407,-0.478727273,2.335937479,,,,,,,,,,
305,10/11/2011,-0.11,1183.75,1188.25,1175,1183.5,,1183.5,1021,4268,-0.170363636,0.633483747,0.456527121,0.137395015,0.73131715,0.181737092,0,-1.7,1661,3.2875,0.001979229,-0.553090909,2.307854441,,,,,,,,,,
306,10/12/2011,0.74,1181.25,1209.25,1175.25,1192.25,,1192.25,1622,4502,-0.119454545,0.636118901,0.462406866,0.138045488,0.738497843,0.186315889,0,1.81,1682.6,3.3905,0.002015036,-0.503636364,2.329109958,,,,,,,,,,
307,10/13/2011,-0.04,1193.25,1197.25,1179.75,1191.75,,1191.75,3165,5784,-0.117454545,0.634272763,0.468373363,0.138256805,0.744886974,0.191859753,0,-1.74,1668.5,3.3035,0.001979922,-0.528909091,2.334946008,,,,,,,,,,
308,10/14/2011,1.78,1190.75,1214.5,1187.25,1213,,1213,1418,5783,-0.073090909,0.641602984,0.474578585,0.138233188,0.751044962,0.198112209,0,2.2,1683,3.4055,0.00202347,-0.471272727,2.362814592,,,,,,,,,,
309,10/18/2011,2.46,1195.5,1223,1179.75,1217,,1217,3504,9297,-0.007818182,0.641108078,0.48041077,0.138371846,0.757154463,0.203667078,0,0.41,1652.8,3.358,0.002031704,-0.447818182,2.365083736,,,,,,,,,,
310,10/20/2011,0.27,1200.25,1208,1186.5,1203.5,,1203.5,1425,9916,0.042909091,0.596308329,0.485440488,0.13744561,0.760331708,0.210549268,0,-6.76,1612.9,3.0555,0.001894414,-0.572181818,2.512081689,,,,,,,,,,
311,10/21/2011,2.12,1202.5,1229.75,1202.5,1229,,1229,994,10005,0.082909091,0.606883841,0.490596935,0.136566345,0.763729625,0.217464244,0,3.92,1636.1,3.221,0.001968706,-0.492545455,2.584097534,,,,,,,,,,
312,10/24/2011,0.98,1221,1246.5,1221,1241,,1241,1243,10266,0.232727273,0.595800735,0.495629455,0.13521953,0.766068515,0.225190395,0,6,1652.3,3.448,0.002086788,-0.400545455,2.722416151,,,,,,,,,,
313,10/25/2011,-1.81,1239.5,1248,1216.5,1218.5,,1218.5,2596,9956,0.100363636,0.62333171,0.502248001,0.132315969,0.766879939,0.237616062,0,-3.65,1700.4,3.419,0.002010703,-0.517818182,2.72091603,,,,,,,,,,
314,10/26/2011,1.07,1219,1235.5,1211.25,1231.5,,1231.5,2197,10489,0.195090909,0.627081766,0.509258629,0.128401508,0.766061645,0.252455613,0,0.65,1723.5,3.488,0.002023789,-0.490545455,2.72503919,,,,,,,,,,
315,10/27/2011,3.65,1235.5,1283,1232.5,1276.5,,1276.5,3814,11060,0.188181818,0.644770373,0.51634608,0.124813069,0.765972218,0.266719942,0,4.28,1747.7,3.6885,0.002110488,-0.426181818,2.795536449,,,,,,,,,,
316,10/28/2011,-0.12,1276.5,1277.5,1267.25,1275,,1275,2994,12334,0.173090909,0.644304335,0.522948143,0.121709001,0.766366144,0.279530142,0,0.38,1749.3,3.706,0.002118562,-0.461090909,2.772758135,,,,,,,,,,
317,10/31/2011,-2.49,1273.5,1273.5,1240.25,1243.25,,1243.25,1112,12600,0.094,0.637741624,0.529288766,0.118332898,0.765954561,0.29262297,0,-0.75,1727.3,3.632,0.002102704,-0.509818182,2.753441275,,,,,,,,,,
318,11/1/2011,-1.99,1239,1241.5,1202.5,1218.5,,1218.5,2285,12769,0.067272727,0.63873561,0.535068469,0.11569755,0.76646357,0.303673368,0,-2.81,1713.9,3.5025,0.002043585,-0.594,2.751668585,,,,,,,,,,
319,11/2/2011,0.8,1217,1232.5,1211,1228.25,,1228.25,2285,13245,0.085272727,0.640622828,0.540880621,0.112733611,0.766347843,0.315413398,0,1.19,1731.7,3.581,0.00206791,-0.555090909,2.761653338,,,,,,,,,,
320,11/3/2011,1.75,1228.5,1253.5,1209,1249.75,,1249.75,4161,14820,0.188545455,0.629299164,0.546177146,0.109830613,0.765838372,0.32651592,0,-1.8,1767.2,3.5885,0.002030613,-0.563272727,2.764716886,,,,,,,,,,
321,11/4/2011,-0.38,1250.5,1252.25,1229,1245,,1245,2226,15846,0.212727273,0.626108774,0.551415097,0.1065399,0.764494898,0.338335297,0,-0.17,1758.3,3.5645,0.002027242,-0.609090909,2.736277732,,,,,,,,,,
322,11/7/2011,0.52,1246.25,1252.5,1227,1251.5,,1251.5,945,15979,0.223454545,0.61797547,0.556365582,0.103073482,0.762512546,0.350218619,0,-2.76,1793.5,3.5355,0.001971285,-0.634363636,2.749821384,,,,,,,,,,
323,11/8/2011,1.26,1251,1269,1243.25,1267.25,,1267.25,5574,20338,0.188545455,0.616011598,0.561491805,0.098732753,0.75895731,0.3640263,0,-0.53,1801.7,3.533,0.001960926,-0.617090909,2.747393831,,,,,,,,,,
324,11/9/2011,-3.75,1267,1267.25,1217,1219.75,,1219.75,3405,21720,0.099454545,0.616813143,0.566647918,0.093876775,0.754401467,0.378894369,0,-2.19,1794.1,3.441,0.001917953,-0.651090909,2.755208988,,,,,,,,,,
325,11/10/2011,0.96,1220,1239,1212.5,1231.5,,1231.5,7123,26206,0.139454545,0.617414614,0.571721534,0.088709111,0.749139756,0.394303313,0,-0.16,1762,3.374,0.001914869,-0.632727273,2.755052231,,,,,,,,,,
326,11/11/2011,1.95,1233,1258.5,1228.75,1255.5,,1255.5,3545,27589,0.145636364,0.620610017,0.576909464,0.082769742,0.742448949,0.411369979,0,1.01,1790.6,3.4635,0.001934268,-0.600727273,2.763871985,,,,,,,,,,
327,11/14/2011,-0.72,1257.25,1264.75,1237.75,1246.5,,1246.5,9279,34968,0.082909091,0.612823459,0.580921925,0.078905557,0.738733039,0.423110812,0,1.26,1780.9,3.488,0.00195856,-0.590363636,2.76986359,,,,,,,,,,
328,11/15/2011,0.12,1245.5,1255.75,1228.75,1248,,1248,2567,36247,0.09,0.612780927,0.584725736,0.075151041,0.735027817,0.434423655,0,0.17,1784.7,3.5015,0.001961954,-0.569272727,2.77118029,,,,,,,,,,
329,11/16/2011,-1.84,1248.5,1251.75,1224.75,1225,,1225,2887,36921,0.034909091,0.602174383,0.587082334,0.073584526,0.734251386,0.439913282,0,-0.05,1776.9,3.4845,0.001960999,-0.598363636,2.756882138,,,,,,,,,,
330,11/17/2011,-1.31,1225.75,1235.5,1201.25,1209,,1209,17084,45514,0.037636364,0.597505752,0.589362482,0.071878765,0.733120011,0.445604953,0,0.12,1722.9,3.3825,0.00196326,-0.587818182,2.758529997,,,,,,,,,,
331,11/18/2011,-0.08,1209.75,1224,1203,1208,,1208,8664,46898,0.084909091,0.599936876,0.591664723,0.070098744,0.731862212,0.451467234,0,0.29,1727.9,3.402,0.001968864,-0.572363636,2.761068609,,,,,,,,,,
332,11/21/2011,-1.9,1203.5,1203.5,1175,1185,,1185,6387,49112,0.087090909,0.594802623,0.593984558,0.067983159,0.729950876,0.458018239,0,-0.24,1681.6,3.303,0.001964201,-0.571454545,2.76117153,,,,,,,,,,
333,11/22/2011,-0.68,1184,1192.75,1173.5,1177,,1177,7775,51847,0.044909091,0.594410168,0.596328729,0.065652995,0.727634719,0.465022739,0,-0.51,1705.5,3.333,0.001954266,-0.567636364,2.76110751,,,,,,,,,,
334,11/23/2011,-1.95,1177,1180,1152.5,1154,,1154,6800,51847,-0.044727273,0.599271336,0.598999561,0.062605596,0.724210753,0.473788368,0,-1.23,1698.8,3.279,0.001930186,-0.614181818,2.750081272,,,,,,,,,,
335,11/25/2011,-0.48,1153,1165,1141.75,1147.5,,1147.5,8165,56189,0.007818182,0.601425155,0.601684192,0.059343455,0.720371102,0.482997281,0,0.33,1688.5,3.27,0.00193663,-0.597090909,2.75302707,,,,,,,,,,
336,11/28/2011,3.29,1165.5,1190,1164,1185.25,,1185.25,8510,59737,0.059818182,0.60616883,0.604332267,0.056088108,0.716508484,0.49215605,0,1.21,1714.5,3.3605,0.001960047,-0.587454545,2.758502155,,,,,,,,,,
337,11/29/2011,0.49,1184.5,1200,1181,1191,,1191,50882,62280,0.056181818,0.60686485,0.607248228,0.051729519,0.710707266,0.503789189,0,0.41,1718.9,3.383,0.001968119,-0.567272727,2.761722124,,,,,,,,,,
338,11/30/2011,4.11,1188,1240.75,1177.25,1240,,1240,50882,96146,0.105090909,0.6244682,0.610506987,0.046739143,0.703985274,0.5170287,0,3.59,1750.3,3.5685,0.002038793,-0.484363636,2.81729629,,,,,,,,,,
339,12/1/2011,-0.18,1237.25,1245,1229.75,1237.75,,1237.75,16684,102356,0.067272727,0.623493364,0.612791123,0.044129279,0.701049681,0.524532566,0,-0.55,1739.8,3.5275,0.002027532,-0.463090909,2.812206115,,,,,,,,,,
340,12/2/2011,-0.02,1237.25,1257,1234.25,1237.5,,1237.5,52313,142756,0.055636364,0.630136585,0.616041904,0.038203549,0.692449001,0.539634807,0,0.75,1751.3,3.5775,0.002042768,-0.397454545,2.797315657,,,,,,,,,,
341,12/5/2011,0.93,1243,1260.25,1243,1249,,1249,42777,172440,0.102181818,0.638161537,0.619148595,0.032388261,0.683925117,0.554372072,0,1.84,1734.5,3.6085,0.002080427,-0.334,2.807940197,,,,,,,,,,
342,12/6/2011,0,1247.75,1259.75,1239.5,1249,,1249,71529,223483,0.102545455,0.639890662,0.62280261,0.021020023,0.664842656,0.580762565,0,-0.95,1731.8,3.5685,0.002060573,-0.308181818,2.795373222,,,,,,,,,,
343,12/7/2011,0.74,1249.25,1262.25,1238.25,1258.25,,1258.25,280623,223483,0.18,0.577356097,0.621503101,0.021582984,0.664669069,0.578337133,-0.000981036,-1.29,1744.8,3.549,0.002034044,-0.200181818,2.63302705,,short,-123," 154,765 ",Sh,,,,,
344,12/8/2011,-2.27,1257.75,1266,1224.75,1229.75,,1229.75,1282789,413410,0.190181818,0.628070035,0.623217114,0.01792172,0.659060554,0.587373674,0,0.23,1713.4,3.493,0.002038637,-0.168727273,2.627539375,,cover,123," (151,259)",Sh,,,,,
345,12/9/2011,1.95,1229.75,1254.75,1222.75,1253.75,,1253.75,2410241,831476,0.215818182,0.607809576,0.623660508,0.017206348,0.658073203,0.589247813,0,1.44,1716.8,3.5505,0.002068092,-0.064,2.573244529,,,,,,,,,,
346,12/12/2011,-1.93,1250.25,1254.5,1220,1229.5,,1229.5,2578512,1205923,0.134181818,0.56567255,0.622447851,0.018852765,0.660153382,0.584742321,-0.01906977,0.23,1668.2,3.458,0.002072893,-0.151090909,2.477259293,,short,-126," 154,917 ",Sh,,,,,
347,12/13/2011,-0.75,1229.25,1244,1212.5,1220.25,,1220.25,3101285,1669560,0.103272727,0.564245571,0.621094696,0.020283506,0.661661709,0.580527683,-0.016282112,-0.33,1663.1,3.436,0.002066021,-0.168,2.475210728,,,,,,,,,,
348,12/14/2011,-1.15,1219.75,1226.5,1202.5,1206.25,,1206.25,2854734,2113495,0.114363636,0.567669666,0.619972783,0.021487791,0.662948365,0.576997201,-0.009327535,-0.11,1586.9,3.275,0.002063772,-0.163090909,2.475050222,,,,,,,,,,
349,12/15/2011,0.48,1206.25,1220.5,1198,1212,,1212,2297556,2371298,0.111090909,0.567176747,0.618913765,0.02261972,0.664153206,0.573674324,-0.006497578,0.25,1577.2,3.263,0.002068856,-0.114181818,2.455726257,,,,,,,,,,
350,12/16/2011,-0.17,1212.25,1225,1208.25,1210,,1210,2182870,2469690,0.156181818,0.566846884,0.617844386,0.023661075,0.665166536,0.570522236,-0.003675352,0.63,1597.9,3.3265,0.002081795,-0.111090909,2.456569177,,,,,,,,,,
351,12/19/2011,-1.32,1206,1213.25,1190,1194,,1194,897,5930,0.196727273,0.54868637,0.616227488,0.025268866,0.66676522,0.565689755,-0.017003385,-0.62,1596.7,3.3035,0.002068955,-0.065454545,2.422526091,,,,,,,,,,
352,12/20/2011,2.99,1193.5,1231.75,1193.5,1229.75,,1229.75,1564,6146,0.204727273,0.540359164,0.614429432,0.027055461,0.668540354,0.560318509,-0.019959345,0.53,1617.6,3.3645,0.002079933,-0.034,2.418750519,,,,,,,,,,
353,12/21/2011,0.75,1229.75,1243.5,1218.5,1239,,1239,778,6930,0.184363636,0.544165679,0.612770511,0.028503897,0.669778306,0.555762717,-0.011597038,0.99,1613.6,3.3895,0.002100583,0.034545455,2.392769833,,,,,,,,,,
354,12/22/2011,0.4,1231,1245.25,1226.75,1244,,1244,3329,7044,0.153818182,0.478199126,0.609741498,0.033458868,0.676659233,0.542823763,-0.064624637,0.79,1610.6,3.41,0.002117223,0.218909091,2.017517426,,,,,,,,,,
355,12/23/2011,0.86,1246,1255,1245,1254.75,,1254.75,1792,9483,0.173818182,0.478042298,0.606630673,0.037444563,0.681519798,0.531741547,-0.053699249,1.89,1606,3.4645,0.002157223,0.234,2.027007099,,,,,,,,,,
356,12/27/2011,-0.02,1256,1258.5,1251,1254.5,,1254.5,199,10892,0.116545455,0.500788552,0.604206035,0.039869092,0.683944219,0.524467852,-0.0236793,-1.07,1595.5,3.405,0.002134127,0.241818182,2.021015596,,,,,,,,,,
357,12/28/2011,-1.12,1254.5,1258.5,1237.75,1240.5,,1240.5,829,11113,0.098181818,0.476851069,0.601149906,0.043007727,0.68716536,0.515134453,-0.038283384,0.7,1564.1,3.3615,0.002149159,0.185272727,1.961978267,,,,,,,,,,
358,12/29/2011,0.89,1240.25,1252.75,1240.25,1251.5,,1251.5,1629,11113,0.100909091,0.487455034,0.598362478,0.04529979,0.688962057,0.507762899,-0.020307865,1.54,1543.3,3.368,0.002182337,0.178909091,1.956907682,,,,,,,,,,
359,12/30/2011,-0.44,1251,1254,1245,1246,,1246,289,12490,0.093636364,0.491281889,0.595661662,0.047171398,0.690004458,0.501318866,-0.010036977,0.29,1569.4,3.435,0.002188735,0.170181818,1.955292429,,,,,,,,,,
360,1/3/2012,1.63,1265.25,1274.5,1265.25,1266.25,,1266.25,759,12608,0.090909091,0.491743454,0.593084566,0.048906715,0.690897997,0.495271135,-0.003527681,0.56,1603.2,3.5285,0.002200911,0.211272727,1.938941153,,,,,,,,,,
361,1/4/2012,0.06,1267.75,1268.25,1257.25,1267,,1267,1453,12710,0.129818182,0.477836103,0.590206697,0.05094215,0.692090998,0.488322396,-0.010486293,-3.44,1615.6,3.4335,0.002125217,0.115818182,1.987401701,,,,,,,,,,
362,1/5/2012,0.06,1268,1272,1255.25,1267.75,,1267.75,1236,12534,0.086181818,0.479218204,0.587387523,0.05271781,0.692823144,0.481951902,-0.002733698,-0.68,1622.9,3.4255,0.002110728,0.135090909,1.974167309,,,,,,,,,,
363,1/6/2012,0.06,1267.5,1276,1262.25,1268.5,,1268.5,917,12276,0.112363636,0.468544957,0.584241014,0.054554553,0.693350119,0.475131908,-0.006586951,0.44,1619.6,3.4335,0.002119968,0.103090909,1.954240283,,,,,,,,,,
364,1/9/2012,0.1,1262.5,1272.5,1262.5,1269.75,,1269.75,1587,13104,0.109272727,0.473756477,0.581198257,0.055972632,0.693143521,0.469252994,0,-0.01,1610.8,3.4145,0.002119754,0.095454545,1.953839353,,cover,126," (159,989)",Sh,,,,,
365,1/10/2012,0.87,1270.25,1286.5,1269.25,1280.75,,1280.75,887,13375,0.086545455,0.550600172,0.5803672,0.056083347,0.692533894,0.468200505,0,1.34,1634.4,3.511,0.002148189,0.242727273,1.718650908,,,,,,,,,,
366,1/11/2012,0.16,1279.5,1283.25,1274.5,1282.75,,1282.75,3031,14798,0.071636364,0.530517629,0.578978723,0.056359342,0.691697407,0.466260039,0,0.41,1642.6,3.543,0.002156946,0.178909091,1.643081649,,,,,,,,,,
367,1/12/2012,0.27,1282.5,1291.5,1275.75,1286.25,,1286.25,1349,14934,0.109454545,0.555219796,0.578240888,0.056400656,0.691042201,0.465439575,0,2.43,1650.7,3.647,0.002209366,0.114,1.470294251,,,,,,,,,,
368,1/13/2012,-0.23,1286.25,1289,1267.5,1283.25,,1283.25,653,14930,0.085818182,0.5350814,0.576636337,0.056349405,0.689335147,0.463937526,0,0.69,1633.6,3.634,0.002224535,0.192909091,1.378115558,,,,,,,,,,
369,1/17/2012,-0.16,1285,1296.25,1281,1283.5,,1283.5,1557,15613,0.022,0.530037272,0.574871891,0.056259863,0.687391617,0.462352166,0,1.01,1658.4,3.7265,0.002247045,0.199454545,1.381178265,,,,,,,,,,
370,1/18/2012,0.99,1285.25,1298.25,1281.25,1296.25,,1296.25,1998,17239,0.085272727,0.461271332,0.571535545,0.057465992,0.686467529,0.456603562,0,0.36,1662.6,3.7495,0.002255203,0.128181818,1.262777789,,,,,,,,,,
371,1/19/2012,0.69,1296.75,1305.5,1294.5,1305.25,,1305.25,2634,19413,0.134,0.464888518,0.568273439,0.058344346,0.684962132,0.451584747,0,1.62,1657.2,3.798,0.002291818,0.150727273,1.278330587,,,,,,,,,,
372,1/20/2012,-0.04,1305,1306,1299.25,1304.75,,1304.75,5460,24383,0.118727273,0.448122405,0.564825817,0.059748872,0.684323561,0.445328073,0,-2.04,1666.8,3.742,0.00224502,0.127272727,1.3066829,,,,,,,,,,
373,1/23/2012,0.06,1301.75,1312.5,1300,1305.5,,1305.5,284,24407,0.088,0.412686208,0.560715828,0.062291257,0.685298342,0.436133314,-0.023447106,0.57,1681.1,3.7955,0.002257748,0.188727273,1.243958816,,short,-126," 164,493 ",Sh,,,,,
374,1/24/2012,0.02,1304.5,1306,1296,1305.75,,1305.75,11122,34242,0.095272727,0.405806001,0.556446431,0.064713076,0.685872583,0.42702028,-0.021214278,1.06,1667.4,3.8045,0.002281696,0.186363636,1.242143255,,,,,,,,,,
375,1/25/2012,0.67,1307.75,1318.75,1297.5,1314.5,,1314.5,2623,35778,0.098,0.43861398,0.552979428,0.065835949,0.684651326,0.42130753,0,-1.54,1703,3.826,0.002246624,0.191090909,1.23491741,,cover,126," (165,627)",Sh,,,,,
376,1/26/2012,-0.42,1314.5,1324,1303.75,1309,,1309,12071,46764,0.067454545,0.43630159,0.549528388,0.066897778,0.683323943,0.415732833,0,0.3,1729.9,3.898,0.002253309,0.199636364,1.233998265,,,,,,,,,,
377,1/27/2012,-0.19,1310.75,1313.5,1301.5,1306.5,,1306.5,1057,46674,0.132181818,0.47768252,0.546977607,0.066914242,0.680806091,0.413149124,0,-0.64,1735.4,3.8855,0.002238965,0.238181818,1.171358962,,,,,,,,,,
378,1/30/2012,-0.25,1307.75,1307.75,1291.25,1303.25,,1303.25,7295,48363,0.110181818,0.490500483,0.544695587,0.066656028,0.678007643,0.411383531,0,-1.46,1734.4,3.8265,0.002206238,0.221272727,1.189229527,,,,,,,,,,
379,1/31/2012,-0.08,1304,1311.75,1296.5,1302.25,,1302.25,10231,57742,0.073272727,0.428581816,0.541273199,0.067708618,0.676690434,0.405855964,0,-1.3,1740.4,3.79,0.00217766,0.237454545,1.161544658,,,,,,,,,,
380,2/1/2012,0.88,1301,1321,1299,1313.75,,1313.75,1019,57903,0.102363636,0.438562823,0.538021349,0.068276532,0.674574412,0.401468285,0,0.84,1749.5,3.842,0.002196056,0.255636364,1.163033651,,,,,,,,,,
381,2/2/2012,0.23,1315.25,1320,1312,1316.75,,1316.75,444,57915,0.104363636,0.411209291,0.534214063,0.069414768,0.673043599,0.395384527,0,-2.14,1759.3,3.781,0.00214915,0.198363636,1.202101191,,,,,,,,,,
382,2/3/2012,1.29,1317,1336.25,1315.75,1333.75,,1333.75,4109,61078,0.161272727,0.439613502,0.531064791,0.069710842,0.670486476,0.391643106,0,4.31,1740.3,3.9015,0.002241855,0.253818182,1.31685581,,,,,,,,,,
383,2/6/2012,-0.02,1330.5,1334.5,1324.5,1333.5,,1333.5,770,61215,0.184727273,0.439866675,0.527920895,0.069856258,0.667633412,0.388208378,0,-0.06,1724.9,3.8645,0.00224042,0.249636364,1.317491955,,,,,,,,,,
384,2/7/2012,0.41,1334.5,1340,1327,1339,,1339,3865,64359,0.193636364,0.436453083,0.524907781,0.070167508,0.665242796,0.384572766,0,-1.05,1748.4,3.876,0.002216884,0.231454545,1.328557305,,,,,,,,,,
385,2/8/2012,0.15,1338.5,1342.25,1333.75,1341,,1341,5696,68971,0.230909091,0.434323691,0.521940834,0.070490179,0.662921193,0.380960475,0,1.86,1731.3,3.9095,0.00225813,0.263090909,1.346450578,,,,,,,,,,
386,2/9/2012,0.09,1339.75,1347,1335.25,1342.25,,1342.25,3202,71496,0.244909091,0.431582066,0.518879838,0.070695581,0.660271,0.377488675,0,1.19,1741.2,3.9785,0.002284918,0.279454545,1.352240142,,,,,,,,,,
387,2/10/2012,-0.54,1341,1341,1328,1335,,1335,779,71467,0.270545455,0.440443132,0.516073301,0.070689665,0.657452632,0.374693971,0,-2.03,1725.3,3.862,0.002238451,0.246909091,1.38609079,,,,,,,,,,
388,2/13/2012,0.62,1340.25,1346.25,1337,1343.25,,1343.25,1034,71900,0.283454545,0.430579469,0.513094561,0.07077927,0.654653102,0.371536021,0,-0.56,1724.9,3.8395,0.002225926,0.246,1.386612713,,,,,,,,,,
389,2/14/2012,-0.11,1343,1346,1332,1341.75,,1341.75,1062,71949,0.290181818,0.412117349,0.509691762,0.071057774,0.651807309,0.367576214,0,-0.23,1717.7,3.8145,0.002220702,0.264181818,1.373393595,,,,,,,,,,
390,2/15/2012,-0.39,1341,1351.75,1332.75,1336.5,,1336.5,3568,72844,0.223272727,0.420260764,0.506397864,0.07092554,0.648248944,0.364546784,0,-0.94,1728.1,3.8015,0.002199815,0.241090909,1.382909805,,,,,,,,,,
391,2/16/2012,0.94,1327.75,1351.25,1327.75,1349,,1349,1579,72881,0.231454545,0.409569019,0.502823322,0.070758086,0.644339494,0.361307149,0,-0.29,1728.4,3.791,0.002193358,0.213818182,1.378230872,,,,,,,,,,
392,2/17/2012,0.48,1348.75,1355.5,1348,1355.5,,1355.5,4493,75311,0.165454545,0.392192208,0.498920183,0.070833513,0.640587208,0.357253157,0,-2.05,1725.9,3.708,0.002148444,0.169090909,1.411267191,,,,,,,,,,
393,2/21/2012,-0.4,1358.5,1362,1350.25,1355.5,,1355.5,5405,78884,0.169272727,0.253628688,0.492177646,0.076114447,0.644406539,0.339948753,-0.086320065,1.55,1758.5,3.8365,0.002181689,0.132,1.344943066,,short,-114," 154,527 ",Sh,,,,,
394,2/22/2012,-0.42,1353.75,1358.25,1347.75,1349.75,,1349.75,3147,81257,0.144727273,0.257302832,0.485519636,0.08031516,0.646149956,0.324889316,-0.067586485,-0.8,1771.3,3.8335,0.00216423,0.127454545,1.347710292,,,,,,,,,,
395,2/23/2012,0.52,1349.75,1357.5,1345,1356.75,,1356.75,4820,82927,0.154181818,0.246255263,0.478539976,0.084105573,0.646751123,0.310328829,-0.064073566,-1.55,1786.3,3.806,0.002130661,0.085636364,1.363625021,,,,,,,,,,
396,2/24/2012,0.07,1357,1362.25,1355.75,1357.75,,1357.75,6100,89013,0.142,0.223028001,0.470992093,0.088050523,0.64709314,0.294891047,-0.071863046,2.06,1776.4,3.863,0.002174623,0.089636364,1.36917786,,,,,,,,,,
397,2/27/2012,0.24,1357.75,1364.5,1347.25,1361,,1361,3507,88245,0.187636364,0.222274615,0.463399074,0.091167225,0.645733525,0.281064624,-0.058790008,0.54,1774.9,3.8805,0.00218632,0.116727273,1.362953023,,,,,,,,,,
398,2/28/2012,0.33,1360.75,1367.75,1358.75,1365.5,,1365.5,8197,91062,0.158181818,0.238841251,0.457244259,0.094690091,0.646624441,0.267864077,-0.029022826,0.07,1791.2,3.919,0.002187919,0.141454545,1.34922669,,,,,,,,,,
399,2/29/2012,-0.64,1365,1371.25,1350.75,1356.75,,1356.75,16623,101408,0.181636364,0.204486116,0.449542733,0.09771638,0.644975493,0.254109973,-0.049623858,3.38,1714,3.877,0.00226196,0.198727273,1.418150928,,,,,,,,,,
400,3/1/2012,0.87,1355.75,1369.25,1352.75,1368.5,,1368.5,19813,111202,0.211090909,0.181769562,0.441796551,0.101741539,0.64527963,0.238313473,-0.056543911,0.67,1725,3.928,0.002277101,0.184727273,1.409444144,,,,,,,,,,
401,3/2/2012,-0.42,1369,1371,1359.25,1362.75,,1362.75,21049,126571,0.224363636,0.198434691,0.435119499,0.105444392,0.646008283,0.224230715,-0.025796024,0.01,1712.6,3.9,0.002277239,0.180727273,1.409625449,,,,,,,,,,
402,3/5/2012,-0.31,1361,1363.25,1352.5,1358.5,,1358.5,46015,150539,0.21,0.200045044,0.428497671,0.108574505,0.645646682,0.211348661,-0.011303617,-0.77,1706.7,3.8565,0.002259624,0.172727273,1.413819956,,,,,,,,,,
403,3/6/2012,-1.71,1357.75,1359.5,1332.75,1335.25,,1335.25,117977,232883,0.182,0.234704448,0.422443758,0.109944942,0.642333643,0.202553874,0,-1.3,1674.9,3.7355,0.002230282,0.151090909,1.427268399,,cover,114," (152,219)",Sh,,,,,
404,3/7/2012,0.92,1336.75,1348.25,1335.75,1347.5,,1347.5,209354,373355,0.222727273,0.231409424,0.416338898,0.111075779,0.638490456,0.19418734,0,0.08,1686.7,3.765,0.002232169,0.148,1.427234311,,,,,,,,,,
405,3/8/2012,0.96,1347,1362.5,1344.75,1360.5,,1360.5,917534,846470,0.185818182,0.228040789,0.410178787,0.111965536,0.634109859,0.186247715,0,-0.22,1701.5,3.7895,0.002227153,0.132545455,1.426520265,,,,,,,,,,
406,3/9/2012,0.44,1360.25,1368.75,1357.5,1366.5,,1366.5,1889522,1284377,0.180181818,0.219239052,0.404188836,0.113223758,0.630636352,0.17774132,0,1,1714.3,3.856,0.002249315,0.162,1.427418545,,,,,,,,,,
407,3/13/2012,1.76,1366.75,1391.25,1366,1390.5,,1390.5,2739820,2371441,0.189272727,0.282226993,0.399495524,0.112824042,0.625143608,0.173847439,0,2.18,1696.8,3.9,0.002298444,0.192,1.452416122,,,,,,,,,,
408,3/14/2012,-0.13,1390.5,1394.25,1384.25,1388.75,,1388.75,2095305,2563097,0.187272727,0.26277949,0.394379411,0.112521809,0.619423028,0.169335794,0,1.69,1645.3,3.8455,0.002337264,0.204727273,1.462569852,,,,,,,,,,
409,3/15/2012,0.52,1388.25,1397.5,1384.75,1396,,1396,1946542,2672834,0.217090909,0.26094316,0.390429303,0.113335278,0.617099859,0.163758746,0,0.28,1661.8,3.895,0.002343844,0.195454545,1.460405598,,,,,,,,,,
410,3/16/2012,0.2,1395.75,1400.5,1394,1398.75,,1398.75,1377398,2681911,0.204545455,0.243454997,0.386164079,0.114386337,0.614936754,0.157391404,0,-0.29,1658.1,3.875,0.002337012,0.155818182,1.443042941,,,,,,,,,,
411,3/19/2012,-0.11,1394.75,1401.5,1388.25,1397.25,,1397.25,1002,1340,0.210545455,0.239784263,0.381418547,0.114955573,0.611329692,0.151507401,0,0.13,1669.7,3.907,0.002339941,0.177636364,1.433204082,,,,,,,,,,
412,3/20/2012,-0.29,1397.75,1398.25,1385.5,1393.25,,1393.25,121,1332,0.175636364,0.272822619,0.377708938,0.11511083,0.607930597,0.147487279,0,-0.79,1649.4,3.829,0.00232145,0.150545455,1.437223942,,,,,,,,,,
413,3/21/2012,-0.22,1394,1399.25,1389.25,1390.25,,1390.25,1792,2873,0.170545455,0.255052919,0.373483445,0.115273061,0.604029568,0.142937323,0,0.28,1652.7,3.8475,0.002328009,0.127636364,1.424653257,,,,,,,,,,
414,3/22/2012,-0.52,1393.5,1394,1377,1383,,1383,1796,4363,0.16,0.279128704,0.369626115,0.114806879,0.599239872,0.140012358,0,-1.61,1644.9,3.7675,0.002290413,0.093090909,1.443553836,,,,,,,,,,
415,3/23/2012,0.36,1383,1388.5,1374.75,1388,,1388,2345,6454,0.165454545,0.279397295,0.365765275,0.114192998,0.594151272,0.137379279,0,-0.07,1664.9,3.8105,0.002288726,0.081636364,1.442279271,,,,,,,,,,
416,3/26/2012,1.51,1386.75,1409,1386.75,1409,,1409,2001,7592,0.191090909,0.287934583,0.362312521,0.113611119,0.589534759,0.135090282,0,0.6,1688.2,3.887,0.002302452,0.155090909,1.360141432,,,,,,,,,,
417,3/27/2012,-0.64,1408.5,1413.5,1400,1400,,1400,2889,9346,0.163636364,0.287499955,0.358826734,0.112896705,0.584620144,0.133033325,0,-0.15,1687.7,3.88,0.002298987,0.164727273,1.355986527,,,,,,,,,,
418,3/28/2012,-0.45,1399.5,1404.75,1386,1393.75,,1393.75,4712,12951,0.152545455,0.296881398,0.355705579,0.112177877,0.580061333,0.131349825,0,-0.75,1660.5,3.789,0.002281843,0.143090909,1.360997555,,,,,,,,,,
419,3/29/2012,-0.18,1393.5,1397.25,1380.5,1391.25,,1391.25,820,12964,0.144363636,0.29331571,0.352424837,0.111296552,0.575017941,0.129831734,0,0.47,1654.9,3.794,0.002292586,0.151818182,1.361536565,,,,,,,,,,
420,3/30/2012,0.5,1392.5,1400,1390,1398.25,,1398.25,222,12961,0.157636364,0.275914939,0.34743056,0.108363437,0.564157434,0.130703687,0,-0.23,1671.9,3.824,0.002287218,0.123272727,1.352592921,,,,,,,,,,
421,4/2/2012,0.59,1400.25,1411.5,1393.5,1406.5,,1406.5,2749,15039,0.165090909,0.287835543,0.343018159,0.105677894,0.554373948,0.13166237,0,2,1679.7,3.9185,0.002332857,0.152181818,1.375630079,,,,,,,,,,
422,4/3/2012,-0.3,1406,1407.5,1394,1402.25,,1402.25,1089,15242,0.162545455,0.285535179,0.338114802,0.101836337,0.541787477,0.134442128,0,0.38,1672,3.9155,0.002341806,0.114909091,1.34008274,,,,,,,,,,
423,4/4/2012,-1.05,1402.5,1402.5,1382.5,1387.5,,1387.5,870,15826,0.125454545,0.281110146,0.333497143,0.098441134,0.530379412,0.136614874,0,0.15,1614.1,3.7855,0.00234527,0.105090909,1.33776745,,,,,,,,,,
424,4/5/2012,-0.18,1386.5,1391,1378.75,1385,,1385,1227,16280,0.109636364,0.293173226,0.329190524,0.094797385,0.518785294,0.139595754,0,-0.82,1630.1,3.7915,0.002325931,0.071818182,1.337601628,,,,,,,,,,
425,4/9/2012,0.09,1370,1376,1367,1368.5,,1368.5,759,16599,0.087636364,0.28361544,0.325960417,0.09322725,0.512414917,0.139505917,0,-2.71,1643.9,3.72,0.002262911,0.016,1.388442506,,,,,,,,,,
426,4/10/2012,-1.3,1369.25,1374,1346.25,1350.75,,1350.75,869,16599,0.063636364,0.3270052,0.323453447,0.091255207,0.505963862,0.140943033,0,-2.87,1660.7,3.65,0.002197868,-0.065636364,1.423931391,,,,,,,,,,
427,4/11/2012,0.56,1353,1364,1352.75,1358.25,,1358.25,2576,18532,0.061636364,0.324342887,0.321202911,0.089635637,0.500474186,0.141931636,0,-0.26,1660.3,3.6395,0.002192074,-0.033272727,1.398222489,,,,,,,,,,
428,4/12/2012,1.56,1359.75,1379.75,1357,1379.5,,1379.5,790,18833,0.097636364,0.338627542,0.31985639,0.088788165,0.49743272,0.142280059,0,0.99,1680.6,3.7205,0.002213793,-0.025636364,1.402717949,,,,,,,,,,
429,4/13/2012,-1.58,1379,1381.75,1357.75,1357.75,,1357.75,979,19273,0.072363636,0.361419137,0.319049356,0.08819219,0.495433736,0.142664975,0,-1.32,1660.2,3.627,0.002184677,-0.068909091,1.405314875,,,,,,,,,,
430,4/16/2012,-0.09,1358,1368.75,1354.5,1356.5,,1356.5,357,19243,0.075272727,0.380531921,0.317993318,0.087074642,0.492142603,0.143844033,0,0.66,1649.7,3.628,0.002199188,-0.028909091,1.393930856,,,,,,,,,,
431,4/17/2012,1.57,1359.25,1382.25,1354,1377.75,,1377.75,1499,20385,0.105272727,0.383162006,0.317027144,0.086026095,0.489079335,0.144974953,0,0.44,1651.1,3.647,0.00220883,-0.026363636,1.39467023,,,,,,,,,,
432,4/18/2012,-0.42,1377,1380,1372,1372,,1372,1177,21082,0.081636364,0.376482245,0.315187139,0.083573538,0.482334215,0.148040062,0,0.26,1639.6,3.631,0.002214565,-0.01,1.392615445,,,,,,,,,,
433,4/19/2012,-0.46,1373.5,1383,1359.25,1365.75,,1365.75,1301,21711,0.069090909,0.371808868,0.31302911,0.080436318,0.473901747,0.152156473,0,-0.21,1641.4,3.6275,0.002210004,0.012727273,1.37864326,,,,,,,,,,
434,4/20/2012,0.2,1367.5,1376.5,1366,1368.5,,1368.5,814,21769,0.049272727,0.367844697,0.311924798,0.079228376,0.47038155,0.153468047,0,1.86,1642.8,3.698,0.002251035,0.070181818,1.388731757,,,,,,,,,,
435,4/23/2012,-0.88,1367,1367.75,1348,1356.5,,1356.5,2294,23474,0.033636364,0.376433231,0.310795169,0.077819745,0.466434659,0.15515568,0,-1.33,1632.6,3.626,0.002220997,0.030727273,1.397255053,,,,,,,,,,
436,4/24/2012,0.55,1357.75,1364.25,1354.5,1364,,1364,4795,25160,0.036181818,0.394069911,0.310483544,0.077443603,0.465370751,0.155596338,0,0.59,1643.8,3.6725,0.002234153,0.080363636,1.366873919,,,,,,,,,,
437,4/25/2012,1.25,1365,1381,1364.5,1381,,1381,2584,26210,0.056181818,0.349897471,0.308852344,0.075596173,0.460044691,0.157659997,0,0.84,1642.3,3.7,0.002252938,0.017272727,1.242450468,,,,,,,,,,
438,4/26/2012,0.72,1380,1391.75,1375,1391,,1391,1677,26944,0.067636364,0.354902983,0.307307549,0.073714019,0.454735586,0.159879512,0,0.69,1660.5,3.767,0.002268594,0.030909091,1.245698187,,,,,,,,,,
439,4/27/2012,0.07,1390,1396.25,1381,1392,,1392,2317,28177,0.078727273,0.362245613,0.305958323,0.0719648,0.449887923,0.162028723,0,1.09,1667.2,3.8235,0.002293366,0.069818182,1.244731848,,,,,,,,,,
440,4/30/2012,-0.29,1394.75,1395.75,1383.5,1388,,1388,1356,29223,0.062181818,0.364840327,0.304694989,0.070259307,0.445213603,0.164176374,0,0.24,1666.5,3.831,0.00229883,0.040363636,1.220517443,,,,,,,,,,
441,5/1/2012,0.41,1389,1405,1385,1393.75,,1393.75,1385,28798,0.071636364,0.369249546,0.30356167,0.068659157,0.440879984,0.166243356,0,0.4,1664.7,3.842,0.002307923,0.026,1.211351556,,,,,,,,,,
442,5/2/2012,-0.2,1394,1397.25,1383.5,1391,,1391,1368,29020,0.075090909,0.35793393,0.302061503,0.066479786,0.435021074,0.169101932,0,-0.94,1656.3,3.7865,0.00228612,0.045818182,1.185737294,,,,,,,,,,
443,5/3/2012,-0.83,1391.25,1395.75,1378.25,1379.5,,1379.5,2759,29958,0.042909091,0.36721158,0.300909359,0.064737504,0.430384367,0.171434352,0,-0.21,1637,3.7345,0.002281307,0.052181818,1.183362583,,,,,,,,,,
444,5/4/2012,-1.72,1380.5,1385,1355.5,1355.75,,1355.75,1660,30335,0.002909091,0.383073306,0.300381286,0.063926949,0.428235183,0.172527388,0,-1,1647.4,3.7205,0.002258407,0.038181818,1.191291069,,,,,,,,,,
445,5/7/2012,0.15,1351,1363.5,1337.5,1357.75,,1357.75,1137,30400,-0.001818182,0.374275971,0.299545199,0.062617334,0.424779866,0.174310531,0,1.81,1641.4,3.774,0.002299257,0.088181818,1.2070811,,,,,,,,,,
446,5/8/2012,-0.42,1359.5,1360.5,1337.5,1352,,1352,1637,30303,-0.002181818,0.388501356,0.29916215,0.06199315,0.42314845,0.175175851,0,-0.4,1606.8,3.6795,0.002289955,0.086181818,1.207810218,,,,,,,,,,
447,5/9/2012,-0.54,1351.5,1354,1333,1344.75,,1344.75,5087,32053,-0.004363636,0.420290451,0.299673028,0.06288338,0.425439787,0.173906268,0,0.1,1596.5,3.6595,0.002292202,0.125272727,1.171643124,,,,,,,,,,
448,5/10/2012,0.46,1342.75,1356.75,1341.5,1351,,1351,1294,32229,-0.005454545,0.442624811,0.303109321,0.06543288,0.433975081,0.172243561,0.008649731,0.75,1597.8,3.69,0.002309425,0.110727273,1.158520536,,buy,115," (155,365)",B,,,,,
449,5/11/2012,-0.5,1350.75,1356.5,1338.25,1344.25,,1344.25,1401,32211,-0.015818182,0.441416524,0.306456842,0.067715809,0.44188846,0.171025225,0,-0.44,1586.3,3.6475,0.002299376,0.117272727,1.15428903,,sell,-115," 154,589 ",B,,,,,
450,5/14/2012,-1.23,1339.75,1344.25,1327,1327.75,,1327.75,1372,32285,-0.042545455,0.485920162,0.310814386,0.071382092,0.453578569,0.168050203,0.032341593,-1.14,1563.2,3.5535,0.002273222,0.124727273,1.144605471,,buy,117," (155,347)",B,,,,,
451,5/15/2012,-0.41,1327.25,1340,1319.5,1322.25,,1322.25,3138,33358,-0.056,0.499349905,0.315838421,0.074734432,0.465307284,0.166369557,0.034042621,-0.79,1559.3,3.5165,0.002255179,0.072909091,1.119609179,,,,,,,,,,
452,5/16/2012,-0.49,1323,1333.25,1314.5,1315.75,,1315.75,4552,35782,-0.053272727,0.495359501,0.3208036,0.07742624,0.47565608,0.165951121,0.019703421,0.19,1538.7,3.4765,0.002259375,0.066545455,1.117898522,,,,,,,,,,
453,5/17/2012,-1.62,1317.25,1324.25,1294.5,1294.5,,1294.5,6520,38792,-0.098545455,0.53300775,0.326152082,0.08170179,0.489555662,0.162748503,0.043452089,-2.41,1577.1,3.4775,0.002204997,0.021454545,1.166707012,,,,,,,,,,
454,5/18/2012,-0.77,1295.75,1303.75,1283.25,1284.5,,1284.5,6774,42955,-0.104909091,0.629896533,0.333886817,0.08971431,0.513315437,0.154458197,0.116581096,-1.36,1594.2,3.4675,0.002175072,-0.064727273,1.086322124,,,,,,,,,,
455,5/21/2012,1.93,1284.75,1309.5,1281.5,1309.25,,1309.25,5222,45734,-0.064181818,0.636067137,0.342146773,0.096133425,0.534413622,0.149879924,0.101653515,1.2,1591,3.502,0.002201131,-0.055090909,1.095274146,,,,,,,,,,
456,5/22/2012,-0.04,1308.25,1320.25,1301.5,1308.75,,1308.75,8330,51197,-0.033818182,0.636859442,0.350118132,0.101994541,0.554107213,0.146129051,0.082752229,0.36,1578.8,3.4875,0.002208956,-0.048727273,1.096675202,,,,,,,,,,
457,5/23/2012,0.02,1308,1312.5,1287.75,1309,,1309,14867,61413,-0.050181818,0.632132248,0.357974263,0.106750953,0.571476168,0.144472358,0.06065608,-0.84,1550.6,3.3965,0.002190442,-0.05,1.097568019,,,,,,,,,,
458,5/24/2012,0.57,1308.25,1317,1300,1316.5,,1316.5,8225,65353,-0.057272727,0.62144152,0.365005846,0.111128182,0.58726221,0.142749482,0.03417931,0.38,1559.8,3.4295,0.002198679,-0.019454545,1.085446517,,,,,,,,,,
459,5/25/2012,-0.59,1316,1323.5,1305.5,1308.75,,1308.75,4306,65600,-0.076,0.625874231,0.372177934,0.115007786,0.602193506,0.142162361,0.023680725,-0.19,1571.2,3.448,0.002194501,-0.024363636,1.085598936,,,,,,,,,,
460,5/29/2012,0.8,1314.75,1327.75,1312,1327,,1327,13363,74426,-0.082727273,0.647426833,0.379803134,0.119104315,0.618011764,0.141594504,0.029415069,1.7,1551,3.4615,0.002231786,0.010545455,1.109792136,,,,,,,,,,
461,5/30/2012,-1.92,1327.5,1327.75,1301.5,1301.5,,1301.5,7936,77698,-0.115272727,0.679643243,0.38817412,0.123700989,0.635576098,0.140772142,0.044067145,-2.99,1565.7,3.39,0.002165166,-0.062,1.172550875,,,,,,,,,,
462,5/31/2012,-0.15,1302.5,1312,1291,1299.5,,1299.5,21760,89473,-0.127454545,0.652523848,0.39490679,0.127835787,0.650578363,0.139235216,0.001945485,-0.63,1564.2,3.3655,0.002151579,-0.113090909,1.133625571,,,,,,,,,,
463,6/1/2012,-2.46,1300.25,1301,1267,1267.5,,1267.5,50952,122063,-0.175818182,0.720495556,0.4032289,0.133832996,0.670894893,0.135562907,0.049600663,-5.06,1622.1,3.3135,0.002042722,-0.235818182,1.28947404,,,,,,,,,,
464,6/4/2012,-0.08,1267.25,1274.75,1255.5,1266.5,,1266.5,74489,158933,-0.175272727,0.719232084,0.411561426,0.13897793,0.689517285,0.133605567,0.029714799,0.31,1613.9,3.307,0.002049074,-0.235272727,1.289702599,,,,,,,,,,
465,6/5/2012,0.99,1266,1280,1260.75,1279,,1279,108815,235101,-0.152,0.699572916,0.419854479,0.142329231,0.704512941,0.135196017,0,-0.73,1616.9,3.289,0.002034139,-0.243272727,1.291411881,,sell,-117," 149,643 ",B,,,,,
466,6/6/2012,2.37,1278.75,1309.25,1276.5,1309.25,,1309.25,238590,405005,-0.104909091,0.710880276,0.428419861,0.14543336,0.719286581,0.137553141,0,1.65,1634.2,3.379,0.002067678,-0.215636364,1.315585722,,,,,,,,,,
467,6/7/2012,0.02,1308.75,1323,1305.25,1309.5,,1309.5,989978,787312,-0.095090909,0.686693455,0.435944785,0.147919332,0.73178345,0.140106121,0,2.65,1588,3.3705,0.002122481,-0.153090909,1.368482361,,,,,,,,,,
468,6/8/2012,1.03,1309.5,1323,1298.75,1323,,1323,1933113,1254021,-0.082909091,0.620052699,0.442581145,0.147841165,0.738263475,0.146898815,0,-2.74,1591.4,3.285,0.00206422,-0.208,1.410718756,,,,,,,,,,
